ユ訾榇,船,齑沥毳(gO),}L基,程蔼基,程C基,ΜL基,害^基,害^%,Θユq,挡衡基,ゼRP船计,程岢台味R基,程岢台谓婊,菌v程蔼基,菌v程C基,O_]TЛ奔劝饱姗,ユ霎涩q,基t癸虫ΑeUΘユq
2023/04/06,TX,202304  ,15780,15793,15701,15760,-104,-0.66%,71495,15762,68514,15762,15764,15979,15068,,@,,
2023/04/06,TX,202304  ,15848,15928,15810,15919,55,0.35%,39855,-,-,15917,15920,15979,15068,,L,,
2023/04/06,TX,202305  ,15793,15793,15678,15737,-100,-0.63%,1362,15737,4392,15736,15740,15946,15047,,@,,
2023/04/06,TX,202305  ,15808,15902,15785,15891,54,0.34%,501,-,-,15891,15894,15946,15047,,L,,
2023/04/06,TX,202306  ,15700,15700,15615,15670,-101,-0.64%,172,15670,1221,15669,15674,15870,12496,,@,,
2023/04/06,TX,202306  ,15754,15831,15728,15826,55,0.35%,336,-,-,15826,15829,15870,12496,,L,,
2023/04/06,TX,202309  ,15174,15200,15120,15174,-98,-0.64%,19,15174,381,15171,15177,15372,11969,,@,,
2023/04/06,TX,202309  ,15268,15333,15257,15324,52,0.34%,35,-,-,15323,15331,15372,11969,,L,,
2023/04/06,TX,202312  ,15107,15132,15055,15132,-68,-0.45%,7,15105,224,15103,15108,15288,13257,,@,,
2023/04/06,TX,202312  ,15212,15261,15212,15243,43,0.28%,7,-,-,15253,15261,15288,13257,,L,,
2023/04/06,TX,202403  ,15061,15087,15048,15087,-66,-0.44%,4,15060,103,15057,15063,15246,14451,,@,,
2023/04/06,TX,202403  ,15128,15214,15128,15210,57,0.38%,46,-,-,15204,15213,15246,14451,,L,,
2023/04/07,TX,202304  ,15850,15870,15796,15818,56,0.36%,52583,15818,69593,15819,15822,15979,15068,,@,,
2023/04/07,TX,202304  ,15782,15845,15750,15821,59,0.37%,36535,-,-,15818,15821,15979,15068,,L,,
2023/04/07,TX,202305  ,15807,15842,15772,15791,54,0.34%,748,15793,4498,15792,15797,15946,15047,,@,,
2023/04/07,TX,202305  ,15754,15818,15728,15794,57,0.36%,603,-,-,15792,15797,15946,15047,,L,,
2023/04/07,TX,202306  ,15745,15775,15710,15730,60,0.38%,136,15730,1329,15724,15729,15870,12496,,@,,
2023/04/07,TX,202306  ,15690,15750,15666,15726,56,0.36%,109,-,-,15726,15730,15870,12496,,L,,
2023/04/07,TX,202309  ,15252,15266,15215,15215,41,0.27%,8,15228,383,15225,15232,15372,11969,,@,,
2023/04/07,TX,202309  ,15191,15246,15185,15246,72,0.47%,20,-,-,15225,15232,15372,11969,,L,,
2023/04/07,TX,202312  ,15195,15195,15138,15138,33,0.22%,6,15160,228,15157,15164,15288,13257,,@,,
2023/04/07,TX,202312  ,15108,15177,15108,15165,60,0.40%,4,-,-,15158,15165,15288,13257,,L,,
2023/04/07,TX,202403  ,-,-,-,-,-,-,0,15112,104,15109,15116,15246,14451,,@,,
2023/04/07,TX,202403  ,15088,15099,15088,15099,39,0.26%,2,-,-,15110,15117,15246,14451,,L,,
2023/04/10,TX,202304  ,15839,15927,15828,15849,31,0.20%,61327,15851,70836,15849,15850,15979,15068,,@,,
2023/04/10,TX,202304  ,15814,15834,15806,15829,11,0.07%,10869,-,-,15826,15829,15979,15068,,L,,
2023/04/10,TX,202305  ,15805,15898,15802,15823,30,0.19%,1322,15823,4933,15820,15823,15946,15047,,@,,
2023/04/10,TX,202305  ,15786,15807,15781,15800,7,0.04%,109,-,-,15799,15803,15946,15047,,L,,
2023/04/10,TX,202306  ,15742,15829,15735,15758,28,0.18%,199,15758,1427,15751,15755,15870,12496,,@,,
2023/04/10,TX,202306  ,15718,15739,15714,15727,-3,-0.02%,25,-,-,15731,15737,15870,12496,,L,,
2023/04/10,TX,202309  ,15255,15328,15250,15275,47,0.31%,19,15252,384,15250,15255,15372,11969,,@,,
2023/04/10,TX,202309  ,15225,15225,15225,15225,-3,-0.02%,1,-,-,15232,15236,15372,11969,,L,,
2023/04/10,TX,202312  ,15193,15240,15193,15197,37,0.24%,8,15184,229,15183,15186,15288,13257,,@,,
2023/04/10,TX,202312  ,-,-,-,-,-,-,0,-,-,15162,15169,15288,13257,,L,,
2023/04/10,TX,202403  ,15147,15214,15147,15156,44,0.29%,16,15136,106,15133,15139,15246,14451,,@,,
2023/04/10,TX,202403  ,-,-,-,-,-,-,0,-,-,15116,15124,15246,14451,,L,,
2023/04/11,TX,202304  ,15834,15963,15825,15921,70,0.44%,81532,15924,70630,15921,15926,15979,15068,,@,,
2023/04/11,TX,202304  ,15845,15866,15733,15818,-33,-0.21%,39418,-,-,15818,15821,15979,15068,,L,,
2023/04/11,TX,202305  ,15810,15931,15801,15897,74,0.47%,1903,15894,5536,15891,15896,15946,15047,,@,,
2023/04/11,TX,202305  ,15819,15837,15708,15795,-28,-0.18%,1268,-,-,15790,15796,15946,15047,,L,,
2023/04/11,TX,202306  ,15739,15854,15739,15822,64,0.41%,269,15822,1517,15816,15823,15870,12496,,@,,
2023/04/11,TX,202306  ,15749,15767,15650,15706,-52,-0.33%,65,-,-,15721,15727,15870,12496,,L,,
2023/04/11,TX,202309  ,15281,15346,15281,15300,48,0.31%,28,15317,384,15312,15322,15372,11969,,@,,
2023/04/11,TX,202309  ,15262,15262,15150,15227,-25,-0.16%,11,-,-,15224,15231,15372,11969,,L,,
2023/04/11,TX,202312  ,15225,15280,15225,15280,96,0.63%,8,15245,232,15242,15248,15288,13257,,@,,
2023/04/11,TX,202312  ,15088,15125,15075,15125,-59,-0.39%,4,-,-,15153,15161,15288,13257,,L,,
2023/04/11,TX,202403  ,15179,15230,15179,15200,64,0.42%,38,15200,112,15193,15203,15246,14451,,@,,
2023/04/11,TX,202403  ,15145,15145,15029,15111,-25,-0.17%,11,-,-,15104,15113,15246,14451,,L,,
2023/04/12,TX,202304  ,15957,15960,15866,15926,2,0.01%,57123,15925,68379,15925,15927,15979,15068,,@,,
2023/04/12,TX,202304  ,15931,15966,15914,15937,13,0.08%,28793,-,-,15935,15937,15979,15068,,L,,
2023/04/12,TX,202305  ,15922,15929,15838,15895,1,0.01%,1361,15895,5777,15895,15897,15946,15047,,@,,
2023/04/12,TX,202305  ,15900,15932,15886,15903,9,0.06%,518,-,-,15903,15907,15946,15047,,L,,
2023/04/12,TX,202306  ,15845,15854,15767,15821,-1,-0.01%,105,15821,1526,15820,15825,15870,12496,,@,,
2023/04/12,TX,202306  ,15812,15858,15812,15835,13,0.08%,57,-,-,15829,15834,15870,12496,,L,,
2023/04/12,TX,202309  ,15348,15350,15277,15325,8,0.05%,11,15325,387,15319,15324,15372,11969,,@,,
2023/04/12,TX,202309  ,15330,15360,15323,15325,8,0.05%,21,-,-,15326,15334,15372,11969,,L,,
2023/04/12,TX,202312  ,15240,15247,15211,15246,1,0.01%,8,15246,230,15244,15251,15288,13257,,@,,
2023/04/12,TX,202312  ,15270,15282,15254,15256,11,0.07%,17,-,-,15252,15260,15288,13257,,L,,
2023/04/12,TX,202403  ,15189,15202,15160,15202,2,0.01%,6,15202,118,15199,15206,15246,14451,,@,,
2023/04/12,TX,202403  ,15200,15236,15200,15210,10,0.07%,16,-,-,15206,15214,15246,14451,,L,,
2023/04/13,TX,202304  ,15865,15903,15808,15816,-109,-0.68%,79548,15816,67674,15817,15819,16003,15068,,@,,
2023/04/13,TX,202304  ,15911,16003,15868,15879,-46,-0.29%,60564,-,-,15877,15880,16003,15068,,L,,
2023/04/13,TX,202305  ,15830,15873,15782,15791,-104,-0.65%,2619,15790,7132,15789,15791,15972,15047,,@,,
2023/04/13,TX,202305  ,15880,15972,15840,15848,-47,-0.30%,2005,-,-,15846,15850,15972,15047,,L,,
2023/04/13,TX,202306  ,15770,15799,15709,15714,-107,-0.68%,177,15714,1540,15717,15721,15894,12496,,@,,
2023/04/13,TX,202306  ,15824,15894,15773,15774,-47,-0.30%,112,-,-,15773,15778,15894,12496,,L,,
2023/04/13,TX,202309  ,15275,15299,15220,15220,-105,-0.69%,12,15220,375,15222,15228,15393,11969,,@,,
2023/04/13,TX,202309  ,15323,15393,15274,15275,-50,-0.33%,42,-,-,15276,15285,15393,11969,,L,,
2023/04/13,TX,202312  ,15178,15223,15158,15158,-88,-0.58%,4,15158,230,15151,15158,15300,13257,,@,,
2023/04/13,TX,202312  ,15251,15300,15200,15200,-46,-0.30%,23,-,-,15201,15210,15300,13257,,L,,
2023/04/13,TX,202403  ,15154,15166,15100,15106,-96,-0.63%,12,15106,119,15104,15111,15270,14451,,@,,
2023/04/13,TX,202403  ,15203,15270,15154,15154,-48,-0.32%,34,-,-,15155,15163,15270,14451,,L,,
2023/04/14,TX,202304  ,15882,15995,15855,15947,131,0.83%,88415,15948,69858,15946,15948,16003,15068,,@,,
2023/04/14,TX,202304  ,15832,15912,15784,15891,75,0.47%,41549,-,-,15891,15893,16003,15068,,L,,
2023/04/14,TX,202305  ,15855,15967,15828,15923,133,0.84%,6341,15922,10412,15919,15922,15972,15047,,@,,
2023/04/14,TX,202305  ,15798,15883,15758,15861,71,0.45%,1783,-,-,15861,15865,15972,15047,,L,,
2023/04/14,TX,202306  ,15774,15889,15759,15848,134,0.85%,269,15848,1686,15846,15850,15894,12496,,@,,
2023/04/14,TX,202306  ,15730,15809,15690,15788,74,0.47%,81,-,-,15787,15793,15894,12496,,L,,
2023/04/14,TX,202309  ,15280,15395,15275,15366,146,0.96%,39,15354,380,15351,15357,15395,11969,,@,,
2023/04/14,TX,202309  ,15247,15306,15221,15300,80,0.53%,17,-,-,15294,15301,15393,11969,,L,,
2023/04/14,TX,202312  ,15252,15326,15200,15301,143,0.94%,11,15285,234,15281,15289,15326,13257,,@,,
2023/04/14,TX,202312  ,15170,15239,15170,15235,77,0.51%,10,-,-,15226,15237,15300,13257,,L,,
2023/04/14,TX,202403  ,15160,15273,15160,15256,150,0.99%,44,15238,121,15235,15242,15273,14451,,@,,
2023/04/14,TX,202403  ,15128,15190,15089,15189,83,0.55%,7,-,-,15175,15183,15270,14451,,L,,
2023/04/17,TX,202304  ,15920,15974,15877,15970,22,0.14%,84803,15970,52427,15969,15970,16003,15068,,@,,
2023/04/17,TX,202304  ,15946,15969,15875,15923,-25,-0.16%,46082,-,-,15923,15924,16003,15068,,L,,
2023/04/17,TX,202305  ,15896,15952,15856,15949,27,0.17%,30321,15949,27635,15947,15950,15972,15047,,@,,
2023/04/17,TX,202305  ,15920,15941,15853,15901,-21,-0.13%,2511,-,-,15900,15903,15972,15047,,L,,
2023/04/17,TX,202306  ,15831,15882,15790,15882,34,0.21%,172,15882,1760,15877,15882,15894,12496,,@,,
2023/04/17,TX,202306  ,15853,15866,15788,15835,-13,-0.08%,145,-,-,15830,15834,15894,12496,,L,,
2023/04/17,TX,202309  ,15321,15386,15310,15386,32,0.21%,10,15386,380,15390,15395,15395,11969,,@,,
2023/04/17,TX,202309  ,15360,15365,15309,15309,-45,-0.29%,10,-,-,15337,15349,15395,11969,,L,,
2023/04/17,TX,202312  ,15239,15297,15238,15295,10,0.07%,8,15320,241,15317,15324,15326,13257,,@,,
2023/04/17,TX,202312  ,15295,15298,15250,15254,-31,-0.20%,6,-,-,15268,15276,15326,13257,,L,,
2023/04/17,TX,202403  ,15202,15275,15200,15275,37,0.24%,10,15275,125,15271,15277,15275,14451,,@,,
2023/04/17,TX,202403  ,15257,15257,15200,15231,-7,-0.05%,8,-,-,15222,15231,15273,14451,,L,,
2023/04/18,TX,202304  ,15931,15963,15862,15890,-80,-0.50%,90958,15891,30441,15891,15893,16003,15068,,@,,
2023/04/18,TX,202304  ,15970,15981,15919,15963,-7,-0.04%,33280,-,-,15962,15964,16003,15068,,L,,
2023/04/18,TX,202305  ,15911,15937,15846,15871,-78,-0.49%,35258,15872,48482,15872,15876,15972,15047,,@,,
2023/04/18,TX,202305  ,15940,15955,15899,15943,-6,-0.04%,9337,-,-,15942,15944,15972,15047,,L,,
2023/04/18,TX,202306  ,15837,15869,15778,15806,-76,-0.48%,276,15806,1835,15802,15809,15894,12496,,@,,
2023/04/18,TX,202306  ,15876,15880,15835,15878,-4,-0.03%,50,-,-,15872,15877,15894,12496,,L,,
2023/04/18,TX,202309  ,15347,15368,15300,15306,-80,-0.52%,27,15319,380,15315,15324,15398,11969,,@,,
2023/04/18,TX,202309  ,15398,15398,15362,15362,-24,-0.16%,10,-,-,15382,15389,15398,11969,,L,,
2023/04/18,TX,202312  ,15287,15291,15227,15236,-84,-0.55%,25,15248,251,15243,15253,15326,13257,,@,,
2023/04/18,TX,202312  ,15320,15320,15275,15316,-4,-0.03%,10,-,-,15307,15315,15326,13257,,L,,
2023/04/18,TX,202403  ,15219,15255,15170,15170,-105,-0.69%,10,15197,126,15193,15202,15277,14451,,@,,
2023/04/18,TX,202403  ,15277,15277,15264,15264,-11,-0.07%,11,-,-,15260,15266,15277,14451,,L,,
2023/04/19,TX,202304  ,15893,15923,15750,15775,-116,-0.73%,53512,0,14959,15774,15775,16003,15068,,@,,
2023/04/19,TX,202304  ,15892,15941,15885,15901,10,0.06%,25751,-,-,15900,15904,16003,15068,,L,,
2023/04/19,TX,202305  ,15876,15907,15768,15778,-94,-0.59%,56290,15778,64317,15777,15779,15972,15047,,@,,
2023/04/19,TX,202305  ,15877,15918,15864,15881,9,0.06%,7147,-,-,15880,15884,15972,15047,,L,,
2023/04/19,TX,202306  ,15805,15835,15701,15710,-96,-0.61%,311,15711,2024,15710,15713,15894,12496,,@,,
2023/04/19,TX,202306  ,15806,15849,15803,15817,11,0.07%,66,-,-,15810,15815,15894,12496,,L,,
2023/04/19,TX,202309  ,15336,15336,15228,15240,-79,-0.52%,24,15240,370,15238,15243,15398,11969,,@,,
2023/04/19,TX,202309  ,15324,15363,15324,15330,11,0.07%,8,-,-,15323,15332,15398,11969,,L,,
2023/04/19,TX,202312  ,15260,15260,15181,15185,-63,-0.41%,18,15173,261,15170,15177,15326,13257,,@,,
2023/04/19,TX,202312  ,15262,15286,15260,15260,12,0.08%,4,-,-,15250,15259,15326,13257,,L,,
2023/04/19,TX,202403  ,15205,15222,15131,15135,-62,-0.41%,22,15135,138,15135,15139,15277,14451,,@,,
2023/04/19,TX,202403  ,15222,15245,15209,15210,13,0.09%,9,-,-,15202,15212,15277,14451,,L,,
2023/04/20,TX,202305  ,15730,15798,15682,15731,-47,-0.30%,95145,15731,67599,15730,15731,15972,15047,,@,,
2023/04/20,TX,202305  ,15768,15778,15708,15758,-20,-0.13%,37644,-,-,15755,15759,15972,15047,,L,,
2023/04/20,TX,202306  ,15665,15729,15620,15665,-46,-0.29%,1020,15665,2551,15664,15667,15894,12496,,@,,
2023/04/20,TX,202306  ,15700,15707,15645,15690,-21,-0.13%,483,-,-,15687,15694,15894,12496,,L,,
2023/04/20,TX,202307  ,15400,15458,15365,15408,-92,-0.59%,93,15408,54,15400,15404,15458,15365,,@,,
2023/04/20,TX,202309  ,15205,15265,15155,15201,-39,-0.26%,17,15201,377,15199,15205,15398,11969,,@,,
2023/04/20,TX,202309  ,15203,15227,15181,15227,-13,-0.09%,12,-,-,15214,15223,15398,11969,,L,,
2023/04/20,TX,202312  ,15125,15180,15094,15160,-13,-0.09%,8,15134,262,15132,15137,15326,13257,,@,,
2023/04/20,TX,202312  ,15132,15161,15106,15161,-12,-0.08%,13,-,-,15147,15157,15326,13257,,L,,
2023/04/20,TX,202403  ,15080,15120,15050,15093,-42,-0.28%,29,15093,144,15089,15095,15277,14451,,@,,
2023/04/20,TX,202403  ,15115,15125,15067,15104,-31,-0.20%,33,-,-,15104,15119,15277,14451,,L,,
2023/04/21,TX,202305  ,15757,15778,15602,15615,-116,-0.74%,101724,15614,72736,15614,15616,15972,15047,,@,,
2023/04/21,TX,202305  ,15758,15794,15696,15758,27,0.17%,53536,-,-,15756,15758,15972,15047,,L,,
2023/04/21,TX,202306  ,15680,15710,15540,15549,-116,-0.74%,798,15549,2755,15549,15553,15894,12496,,@,,
2023/04/21,TX,202306  ,15688,15728,15636,15690,25,0.16%,567,-,-,15690,15694,15894,12496,,L,,
2023/04/21,TX,202307  ,15437,15437,15287,15295,-113,-0.73%,69,15295,87,15290,15295,15458,15287,,@,,
2023/04/21,TX,202307  ,15430,15458,15378,15398,-10,-0.06%,25,-,-,15422,15429,15458,15365,,L,,
2023/04/21,TX,202309  ,15210,15240,15092,15092,-109,-0.72%,22,15092,378,15097,15104,15398,11969,,@,,
2023/04/21,TX,202309  ,15233,15250,15184,15250,49,0.32%,17,-,-,15225,15232,15398,11969,,L,,
2023/04/21,TX,202312  ,15136,15170,15030,15030,-104,-0.69%,24,15030,270,15034,15041,15326,13257,,@,,
2023/04/21,TX,202312  ,15159,15185,15108,15150,16,0.11%,17,-,-,15156,15163,15326,13257,,L,,
2023/04/21,TX,202403  ,15130,15130,14988,14988,-105,-0.70%,10,14998,151,14994,15003,15277,14451,,@,,
2023/04/21,TX,202403  ,15065,15156,15065,15100,7,0.05%,15,-,-,15117,15124,15277,14451,,L,,
2023/04/24,TX,202305  ,15545,15655,15542,15623,9,0.06%,74865,15620,73012,15621,15623,15972,15047,,@,,
2023/04/24,TX,202305  ,15609,15646,15575,15588,-26,-0.17%,44907,-,-,15588,15589,15972,15047,,L,,
2023/04/24,TX,202306  ,15490,15590,15481,15553,4,0.03%,776,15553,3252,15553,15557,15894,12496,,@,,
2023/04/24,TX,202306  ,15551,15581,15514,15530,-19,-0.12%,336,-,-,15524,15527,15894,12496,,L,,
2023/04/24,TX,202307  ,15226,15311,15224,15301,6,0.04%,44,15301,109,15297,15300,15458,15224,,@,,
2023/04/24,TX,202307  ,15299,15319,15258,15305,10,0.07%,41,-,-,15264,15269,15458,15258,,L,,
2023/04/24,TX,202309  ,15038,15140,15038,15120,28,0.19%,36,15120,398,15110,15116,15398,11969,,@,,
2023/04/24,TX,202309  ,15112,15126,15080,15080,-12,-0.08%,16,-,-,15073,15079,15398,11969,,L,,
2023/04/24,TX,202312  ,15000,15066,15000,15066,36,0.24%,2,15051,273,15047,15055,15326,13257,,@,,
2023/04/24,TX,202312  ,15060,15067,15020,15020,-10,-0.07%,9,-,-,15013,15020,15326,13257,,L,,
2023/04/24,TX,202403  ,14997,15024,14997,15024,26,0.17%,4,15009,161,15006,15013,15277,14451,,@,,
2023/04/24,TX,202403  ,15000,15028,14980,14980,-18,-0.12%,14,-,-,14972,14980,15277,14451,,L,,
2023/04/25,TX,202305  ,15641,15662,15369,15388,-232,-1.49%,117880,15389,77535,15387,15389,15972,15047,,@,,
2023/04/25,TX,202305  ,15629,15670,15613,15634,14,0.09%,27043,-,-,15627,15635,15972,15047,,L,,
2023/04/25,TX,202306  ,15563,15592,15305,15322,-231,-1.49%,996,15322,3498,15321,15325,15894,12496,,@,,
2023/04/25,TX,202306  ,15556,15601,15548,15566,13,0.08%,232,-,-,15559,15569,15894,12496,,L,,
2023/04/25,TX,202307  ,15335,15336,15057,15076,-225,-1.47%,102,15076,144,15070,15075,15458,15057,,@,,
2023/04/25,TX,202307  ,15306,15335,15300,15322,21,0.14%,36,-,-,15305,15313,15458,15224,,L,,
2023/04/25,TX,202309  ,15110,15110,14907,14917,-203,-1.34%,90,14917,419,14912,14922,15398,11969,,@,,
2023/04/25,TX,202309  ,15120,15132,15120,15132,12,0.08%,4,-,-,15118,15130,15398,11969,,L,,
2023/04/25,TX,202312  ,15060,15070,14840,14857,-194,-1.29%,37,14857,276,14856,14860,15326,13257,,@,,
2023/04/25,TX,202312  ,15088,15088,15065,15065,14,0.09%,3,-,-,15055,15068,15326,13257,,L,,
2023/04/25,TX,202403  ,15036,15037,14798,14800,-209,-1.39%,39,14800,178,14799,14816,15277,14451,,@,,
2023/04/25,TX,202403  ,15040,15042,15005,15035,26,0.17%,21,-,-,15008,15023,15277,14451,,L,,
2023/04/26,TX,202305  ,15390,15409,15312,15375,-14,-0.09%,96433,15376,76939,15375,15376,15972,15047,,@,,
2023/04/26,TX,202305  ,15389,15400,15287,15322,-67,-0.44%,36913,-,-,15321,15323,15972,15047,,L,,
2023/04/26,TX,202306  ,15312,15335,15248,15311,-11,-0.07%,657,15311,3812,15307,15311,15894,12496,,@,,
2023/04/26,TX,202306  ,15312,15335,15225,15257,-65,-0.42%,425,-,-,15255,15260,15894,12496,,L,,
2023/04/26,TX,202307  ,15026,15079,15002,15079,3,0.02%,30,15061,159,15059,15064,15458,14990,,@,,
2023/04/26,TX,202307  ,15072,15084,14990,15008,-68,-0.45%,63,-,-,15004,15013,15458,14990,,L,,
2023/04/26,TX,202309  ,14904,14930,14860,14915,-2,-0.01%,48,14915,450,14906,14913,15398,11969,,@,,
2023/04/26,TX,202309  ,14904,14926,14832,14832,-85,-0.57%,31,-,-,14848,14868,15398,11969,,L,,
2023/04/26,TX,202312  ,14854,14858,14825,14857,0,0.00%,8,14857,281,14848,14860,15326,13257,,@,,
2023/04/26,TX,202312  ,14847,14847,14785,14785,-72,-0.48%,10,-,-,14787,14812,15326,13257,,L,,
2023/04/26,TX,202403  ,14804,14825,14790,14814,14,0.09%,10,14814,179,14807,14818,15277,14451,,@,,
2023/04/26,TX,202403  ,-,-,-,-,-,-,0,-,-,14742,14772,15277,14451,,L,,
2023/04/27,TX,202305  ,15342,15461,15305,15427,51,0.33%,85853,15426,74772,15425,15427,15972,15047,,@,,
2023/04/27,TX,202305  ,15375,15390,15320,15359,-17,-0.11%,33338,-,-,15358,15360,15972,15047,,L,,
2023/04/27,TX,202306  ,15275,15395,15247,15362,51,0.33%,750,15362,4079,15360,15363,15894,12496,,@,,
2023/04/27,TX,202306  ,15311,15320,15257,15295,-16,-0.10%,600,-,-,15293,15297,15894,12496,,L,,
2023/04/27,TX,202307  ,15044,15130,15000,15066,5,0.03%,64,15103,204,15101,15105,15458,14990,,@,,
2023/04/27,TX,202307  ,15036,15064,15035,15040,-21,-0.14%,24,-,-,15044,15051,15458,14990,,L,,
2023/04/27,TX,202309  ,14873,14981,14860,14920,5,0.03%,149,14949,530,14946,14952,15398,11969,,@,,
2023/04/27,TX,202309  ,14906,14929,14895,14895,-20,-0.13%,9,-,-,14899,14920,15398,11969,,L,,
2023/04/27,TX,202312  ,14833,14917,14820,14861,4,0.03%,17,14894,275,14889,14899,15326,13257,,@,,
2023/04/27,TX,202312  ,14838,14843,14830,14840,-17,-0.11%,4,-,-,14840,14860,15326,13257,,L,,
2023/04/27,TX,202403  ,14796,14867,14796,14838,24,0.16%,13,14855,191,14850,14860,15277,14451,,@,,
2023/04/27,TX,202403  ,14800,14800,14800,14800,-14,-0.09%,1,-,-,14801,14824,15277,14451,,L,,
2023/04/28,TX,202305  ,15515,15596,15498,15573,147,0.95%,84556,15572,73774,15573,15574,15972,15047,,@,,
2023/04/28,TX,202305  ,15437,15543,15420,15534,108,0.70%,38640,-,-,15532,15536,15972,15047,,L,,
2023/04/28,TX,202306  ,15452,15531,15435,15510,148,0.96%,675,15508,4197,15509,15512,15894,12496,,@,,
2023/04/28,TX,202306  ,15371,15478,15357,15471,109,0.71%,464,-,-,15467,15473,15894,12496,,L,,
2023/04/28,TX,202307  ,15192,15257,15169,15234,131,0.87%,62,15234,223,15235,15240,15458,14990,,@,,
2023/04/28,TX,202307  ,15109,15213,15109,15192,89,0.59%,31,-,-,15201,15209,15458,14990,,L,,
2023/04/28,TX,202309  ,15035,15103,15028,15080,131,0.88%,25,15080,534,15081,15087,15398,11969,,@,,
2023/04/28,TX,202309  ,14970,15063,14957,15062,113,0.76%,20,-,-,15052,15064,15398,11969,,L,,
2023/04/28,TX,202312  ,14997,15056,14964,14997,103,0.69%,9,15020,286,15011,15029,15326,13257,,@,,
2023/04/28,TX,202312  ,14900,15010,14895,15010,116,0.78%,19,-,-,14996,15008,15326,13257,,L,,
2023/04/28,TX,202403  ,14986,14986,14933,14933,78,0.53%,19,14975,190,14968,14983,15277,14451,,@,,
2023/04/28,TX,202403  ,14868,14970,14868,14970,115,0.77%,14,-,-,14956,14971,15277,14451,,L,,
2023/04/06,TX,202304/202305    ,-26,-25,-26,-26,-,-,72,-,-,-26,-24,-8,-32,,@,840,
2023/04/06,TX,202304/202306    ,-,-,-,-,-,-,0,-,-,-93,-90,-69,-99,,@,169,
2023/04/06,TX,202304/202309    ,-,-,-,-,-,-,0,-,-,-591,-587,-564,-599,,@,18,
2023/04/06,TX,202304/202312    ,-,-,-,-,-,-,0,-,-,-659,-656,-640,-662,,@,5,
2023/04/06,TX,202304/202403    ,-,-,-,-,-,-,0,-,-,-705,-701,-691,-723,,@,2,
2023/04/06,TX,202305/202306    ,-,-,-,-,-,-,0,-,-,-69,-65,-43,-69,,@,2,
2023/04/06,TX,202309/202312    ,-,-,-,-,-,-,0,-,-,-72,-66,-65,-81,,@,1,
2023/04/06,TX,202312/202403    ,-,-,-,-,-,-,0,-,-,-,-44,-47,-61,,@,3,
2023/04/07,TX,202304/202305    ,-25,-25,-27,-27,-,-,155,-,-,-27,-25,-8,-32,,@,353,
2023/04/07,TX,202304/202306    ,-94,-94,-94,-94,-,-,51,-,-,-95,-93,-69,-99,,@,83,
2023/04/07,TX,202304/202309    ,-,-,-,-,-,-,0,-,-,-594,-590,-564,-599,,@,8,
2023/04/07,TX,202304/202312    ,-,-,-,-,-,-,0,-,-,-662,-658,-640,-662,,@,6,
2023/04/10,TX,202304/202305    ,-28,-27,-29,-29,-,-,161,-,-,-29,-27,-8,-32,,@,811,
2023/04/10,TX,202304/202306    ,-97,-97,-97,-97,-,-,19,-,-,-98,-95,-69,-99,,@,173,
2023/04/10,TX,202304/202309    ,-,-,-,-,-,-,0,-,-,-599,-595,-564,-599,,@,19,
2023/04/10,TX,202304/202312    ,-,-,-,-,-,-,0,-,-,-669,-664,-640,-662,,@,7,
2023/04/10,TX,202304/202403    ,-,-,-,-,-,-,0,-,-,-716,-711,-691,-723,,@,13,
2023/04/10,TX,202305/202306    ,-,-,-,-,-,-,0,-,-,-71,-67,-43,-69,,@,5,
2023/04/10,TX,202312/202403    ,-,-,-,-,-,-,0,-,-,-,-46,-47,-61,,@,2,
2023/04/11,TX,202304/202305    ,-28,-28,-31,-29,-,-,117,-,-,-31,-30,-8,-32,,@,1424,
2023/04/11,TX,202304/202305    ,-27,-27,-27,-27,-,-,15,-,-,-28,-25,-8,-32,,L,0,
2023/04/11,TX,202304/202306    ,-104,-104,-105,-105,-,-,30,-,-,-105,-103,-69,-105,,@,219,
2023/04/11,TX,202304/202309    ,-609,-609,-609,-609,-,-,2,-,-,-609,-604,-564,-609,,@,26,
2023/04/11,TX,202304/202312    ,-,-,-,-,-,-,0,-,-,-679,-678,-640,-662,,@,8,
2023/04/11,TX,202304/202403    ,-,-,-,-,-,-,0,-,-,-728,-723,-691,-723,,@,31,
2023/04/11,TX,202305/202306    ,-,-,-,-,-,-,0,-,-,-75,-71,-43,-69,,@,12,
2023/04/11,TX,202312/202403    ,-,-,-,-,-,-,0,-,-,-,-45,-47,-61,,@,2,
2023/04/12,TX,202304/202305    ,-30,-29,-31,-31,-,-,128,-,-,-30,-29,-8,-32,,@,898,
2023/04/12,TX,202304/202305    ,-30,-30,-30,-30,-,-,5,-,-,-32,-30,-8,-32,,L,0,
2023/04/12,TX,202304/202306    ,-,-,-,-,-,-,0,-,-,-105,-102,-69,-105,,@,101,
2023/04/12,TX,202304/202309    ,-604,-603,-604,-603,-,-,2,-,-,-606,-603,-564,-609,,@,9,
2023/04/12,TX,202304/202312    ,-,-,-,-,-,-,0,-,-,-681,-676,-640,-662,,@,7,
2023/04/12,TX,202304/202403    ,-,-,-,-,-,-,0,-,-,-726,-721,-691,-723,,@,6,
2023/04/12,TX,202305/202306    ,-,-,-,-,-,-,0,-,-,-75,-71,-43,-69,,@,2,
2023/04/12,TX,202312/202403    ,-,-,-,-,-,-,0,-,-,-,-46,-47,-61,,@,1,
2023/04/13,TX,202304/202305    ,-29,-27,-30,-28,-,-,231,-,-,-28,-26,-8,-32,,@,1413,
2023/04/13,TX,202304/202305    ,-29,-29,-32,-32,-,-,16,-,-,-31,-28,-8,-32,,L,0,
2023/04/13,TX,202304/202306    ,-,-,-,-,-,-,0,-,-,-100,-98,-69,-105,,@,157,
2023/04/13,TX,202304/202309    ,-,-,-,-,-,-,0,-,-,-595,-591,-564,-609,,@,12,
2023/04/13,TX,202304/202309    ,-600,-600,-600,-600,-,-,1,-,-,-601,-595,-564,-609,,L,0,
2023/04/13,TX,202304/202312    ,-,-,-,-,-,-,0,-,-,-666,-661,-640,-662,,@,4,
2023/04/13,TX,202304/202403    ,-,-,-,-,-,-,0,-,-,-713,-708,-691,-723,,@,11,
2023/04/13,TX,202305/202306    ,-,-,-,-,-,-,0,-,-,-73,-70,-43,-69,,@,15,
2023/04/13,TX,202305/202403    ,-,-,-,-,-,-,0,-,-,-,-678,-,-,,@,1,
2023/04/14,TX,202304/202305    ,-27,-25,-28,-26,-,-,824,-,-,-28,-26,-8,-32,,@,3604,
2023/04/14,TX,202304/202305    ,-28,-27,-30,-30,-,-,55,-,-,-30,-28,-8,-32,,L,0,
2023/04/14,TX,202304/202306    ,-,-,-,-,-,-,0,-,-,-101,-98,-69,-105,,@,231,
2023/04/14,TX,202304/202309    ,-,-,-,-,-,-,0,-,-,-595,-591,-564,-609,,@,39,
2023/04/14,TX,202304/202312    ,-,-,-,-,-,-,0,-,-,-665,-659,-640,-662,,@,11,
2023/04/14,TX,202304/202403    ,-,-,-,-,-,-,0,-,-,-711,-706,-691,-723,,@,37,
2023/04/14,TX,202305/202306    ,-,-,-,-,-,-,0,-,-,-73,-70,-43,-69,,@,14,
2023/04/14,TX,202305/202403    ,-,-,-,-,-,-,0,-,-,-688,0,-,-,,@,1,
2023/04/14,TX,202306/202309    ,-487,-487,-487,-487,-,-,1,-,-,-504,-486,-466,-535,,L,0,
2023/04/14,TX,202312/202403    ,-,-,-,-,-,-,0,-,-,-,-46,-47,-61,,@,1,
2023/04/17,TX,202304/202305    ,-24,-18,-28,-22,-,-,21676,-,-,-22,-20,-8,-32,,@,3889,
2023/04/17,TX,202304/202305    ,-25,-21,-25,-21,-,-,4,-,-,-24,-21,-8,-32,,L,0,
2023/04/17,TX,202304/202306    ,-93,-93,-93,-93,-,-,13,-,-,-92,-88,-69,-105,,@,100,
2023/04/17,TX,202304/202309    ,-580,-580,-580,-580,-,-,1,-,-,-579,-575,-564,-609,,@,8,
2023/04/17,TX,202304/202309    ,-589,-585,-589,-585,-,-,2,-,-,-586,-575,-564,-609,,L,0,
2023/04/17,TX,202304/202312    ,-,-,-,-,-,-,0,-,-,-652,-646,-640,-662,,@,7,
2023/04/17,TX,202304/202403    ,-,-,-,-,-,-,0,-,-,-698,-692,-691,-723,,@,9,
2023/04/17,TX,202305/202306    ,-67,-67,-67,-67,-,-,7,-,-,-70,-67,-43,-69,,@,39,
2023/04/17,TX,202306/202309    ,-,-,-,-,-,-,0,-,-,-501,-484,-466,-535,,@,1,
2023/04/17,TX,202309/202312    ,-,-,-,-,-,-,0,-,-,-,-61,-65,-81,,@,1,
2023/04/17,TX,202312/202403    ,-,-,-,-,-,-,0,-,-,-,-43,-47,-61,,@,2,
2023/04/18,TX,202304/202305    ,-20,-14,-27,-19,-,-,16092,-,-,-19,-17,-8,-32,,@,7513,
2023/04/18,TX,202304/202305    ,-24,-20,-24,-20,-,-,97,-,-,-23,-20,-8,-32,,L,0,
2023/04/18,TX,202304/202306    ,-83,-82,-83,-83,-,-,23,-,-,-89,-84,-69,-105,,@,167,
2023/04/18,TX,202304/202306    ,-92,-92,-92,-92,-,-,1,-,-,-90,-87,-69,-105,,L,0,
2023/04/18,TX,202304/202309    ,-,-,-,-,-,-,0,-,-,-576,-569,-564,-609,,@,24,
2023/04/18,TX,202304/202312    ,-,-,-,-,-,-,0,-,-,-648,-640,-640,-662,,@,21,
2023/04/18,TX,202304/202403    ,-,-,-,-,-,-,0,-,-,-698,-691,-691,-723,,@,6,
2023/04/18,TX,202305/202306    ,-,-,-,-,-,-,0,-,-,-70,-67,-43,-69,,@,117,
2023/04/18,TX,202305/202403    ,-,-,-,-,-,-,0,-,-,-688,-666,-,-,,@,2,
2023/04/18,TX,202306/202309    ,-,-,-,-,-,-,0,-,-,-496,-481,-466,-535,,@,1,
2023/04/18,TX,202309/202312    ,-,-,-,-,-,-,0,-,-,-76,-64,-65,-81,,@,3,
2023/04/19,TX,202304/202305    ,-21,22,-21,22,-,-,4361,-,-,-,-,22,-32,,@,10468,
2023/04/19,TX,202304/202305    ,-20,-18,-24,-22,-,-,252,-,-,-23,-20,-8,-32,,L,0,
2023/04/19,TX,202304/202306    ,-90,-79,-90,-79,-,-,2,-,-,-,-,-69,-105,,@,21,
2023/04/19,TX,202304/202306    ,-90,-90,-90,-90,-,-,1,-,-,-92,-89,-69,-105,,L,0,
2023/04/19,TX,202304/202309    ,-573,-573,-573,-573,-,-,1,-,-,-,-,-564,-609,,@,1,
2023/04/19,TX,202304/202312    ,-,-,-,-,-,-,0,-,-,-,-,-640,-662,,@,1,
2023/04/19,TX,202304/202403    ,-,-,-,-,-,-,0,-,-,-,-,-691,-723,,@,4,
2023/04/19,TX,202305/202306    ,-69,-69,-70,-70,-,-,4,-,-,-68,-66,-43,-70,,@,271,
2023/04/19,TX,202305/202309    ,-553,-552,-553,-552,-,-,4,-,-,-547,-536,-552,-553,,@,9,
2023/04/19,TX,202305/202312    ,-626,-626,-626,-626,-,-,1,-,-,-609,-602,-626,-626,,@,12,
2023/04/19,TX,202305/202403    ,-,-,-,-,-,-,0,-,-,-651,-640,-,-,,@,6,
2023/04/19,TX,202306/202309    ,-,-,-,-,-,-,0,-,-,-488,25,-466,-535,,@,7,
2023/04/19,TX,202309/202403    ,-,-,-,-,-,-,0,-,-,-,-103,-110,-110,,@,4,
2023/04/19,TX,202312/202403    ,-42,-42,-42,-42,-,-,1,-,-,-,-35,-42,-61,,@,7,
2023/04/20,TX,202305/202306    ,-64,-64,-64,-64,-,-,70,-,-,-66,-64,-43,-70,,@,779,
2023/04/20,TX,202305/202307    ,-320,-317,-325,-325,-,-,12,-,-,-330,-327,-317,-325,,@,72,
2023/04/20,TX,202305/202309    ,-,-,-,-,-,-,0,-,-,-531,-526,-552,-553,,@,14,
2023/04/20,TX,202305/202312    ,-,-,-,-,-,-,0,-,-,-598,-594,-626,-626,,@,8,
2023/04/20,TX,202305/202403    ,-,-,-,-,-,-,0,-,-,-641,-636,-,-,,@,27,
2023/04/20,TX,202306/202307    ,-,-,-,-,-,-,0,-,-,-277,-217,-,-,,@,3,
2023/04/20,TX,202306/202309    ,-,-,-,-,-,-,0,-,-,-479,-450,-466,-535,,@,2,
2023/04/20,TX,202306/202403    ,-,-,-,-,-,-,0,-,-,-582,-566,-,-,,@,1,
2023/04/20,TX,202312/202403    ,-,-,-,-,-,-,0,-,-,-,-39,-42,-61,,@,1,
2023/04/21,TX,202305/202306    ,-67,-67,-67,-67,-,-,1,-,-,-65,-63,-43,-70,,@,601,
2023/04/21,TX,202305/202306    ,-65,-65,-65,-65,-,-,6,-,-,-66,-64,-43,-70,,L,0,
2023/04/21,TX,202305/202307    ,-,-,-,-,-,-,0,-,-,-324,-321,-317,-325,,@,69,
2023/04/21,TX,202305/202309    ,-526,-526,-526,-526,-,-,1,-,-,-517,-512,-526,-553,,@,17,
2023/04/21,TX,202305/202312    ,-,-,-,-,-,-,0,-,-,-580,-575,-626,-626,,@,23,
2023/04/21,TX,202305/202403    ,-,-,-,-,-,-,0,-,-,-620,-613,-,-,,@,3,
2023/04/21,TX,202306/202309    ,-,-,-,-,-,-,0,-,-,-462,-441,-466,-535,,@,2,
2023/04/21,TX,202309/202403    ,-,-,-,-,-,-,0,-,-,-,-104,-110,-110,,@,2,
2023/04/21,TX,202312/202403    ,-,-,-,-,-,-,0,-,-,-,-39,-42,-61,,@,6,
2023/04/24,TX,202305/202306    ,-65,-64,-67,-66,-,-,317,-,-,-68,-66,-43,-70,,@,365,
2023/04/24,TX,202305/202306    ,-63,-62,-64,-64,-,-,9,-,-,-64,-62,-43,-70,,L,0,
2023/04/24,TX,202305/202307    ,-,-,-,-,-,-,0,-,-,-326,-323,-317,-325,,@,44,
2023/04/24,TX,202305/202309    ,-,-,-,-,-,-,0,-,-,-511,-507,-526,-553,,@,23,
2023/04/24,TX,202305/202312    ,-,-,-,-,-,-,0,-,-,-574,-568,-626,-626,,@,2,
2023/04/24,TX,202305/202403    ,-,-,-,-,-,-,0,-,-,-615,-610,-618,-618,,@,4,
2023/04/24,TX,202305/202403    ,-618,-618,-618,-618,-,-,1,-,-,-616,-609,-618,-618,,L,0,
2023/04/24,TX,202306/202312    ,-,-,-,-,-,-,0,-,-,-,0,-,-,,@,1,
2023/04/25,TX,202305/202306    ,-66,-64,-68,-64,-,-,150,-,-,-66,-64,-43,-70,,@,660,
2023/04/25,TX,202305/202306    ,-66,-66,-66,-66,-,-,2,-,-,-68,-66,-43,-70,,L,0,
2023/04/25,TX,202305/202307    ,-,-,-,-,-,-,0,-,-,-317,-314,-317,-325,,@,100,
2023/04/25,TX,202305/202309    ,-504,-504,-504,-504,-,-,1,-,-,-475,-467,-504,-553,,@,57,
2023/04/25,TX,202305/202309    ,-507,-507,-507,-507,-,-,2,-,-,-509,-505,-507,-553,,L,0,
2023/04/25,TX,202305/202312    ,-563,-563,-563,-563,-,-,1,-,-,-541,-529,-563,-626,,@,20,
2023/04/25,TX,202305/202403    ,-,-,-,-,-,-,0,-,-,-588,-573,-618,-618,,@,32,
2023/04/25,TX,202306/202309    ,-442,-442,-442,-442,-,-,1,-,-,-408,-401,-442,-535,,@,10,
2023/04/25,TX,202306/202312    ,-,-,-,-,-,-,0,-,-,-,0,-,-,,@,10,
2023/04/25,TX,202306/202403    ,-,-,-,-,-,-,0,-,-,-552,0,-,-,,@,1,
2023/04/25,TX,202309/202403    ,-,-,-,-,-,-,0,-,-,-,-103,-110,-110,,@,1,
2023/04/25,TX,202312/202403    ,-,-,-,-,-,-,0,-,-,-,-41,-42,-61,,@,6,
2023/04/26,TX,202305/202306    ,-67,-65,-67,-65,-,-,2,-,-,-68,-65,-43,-70,,@,480,
2023/04/26,TX,202305/202306    ,-64,-64,-64,-64,-,-,1,-,-,-66,-63,-43,-70,,L,0,
2023/04/26,TX,202305/202307    ,-,-,-,-,-,-,0,-,-,-316,-312,-317,-325,,@,28,
2023/04/26,TX,202305/202309    ,-464,-464,-473,-473,-,-,12,-,-,-469,-463,-464,-553,,@,29,
2023/04/26,TX,202305/202312    ,-,-,-,-,-,-,0,-,-,-527,-516,-563,-626,,@,1,
2023/04/26,TX,202305/202403    ,-566,-566,-567,-567,-,-,2,-,-,-568,-558,-566,-618,,@,6,
2023/04/26,TX,202306/202309    ,-,-,-,-,-,-,0,-,-,-402,-371,-442,-535,,@,2,
2023/04/26,TX,202309/202312    ,-,-,-,-,-,-,0,-,-,-,-51,-65,-81,,@,1,
2023/04/26,TX,202309/202403    ,-103,-103,-103,-103,-,-,2,-,-,-,-99,-103,-110,,@,0,
2023/04/26,TX,202312/202403    ,-,-,-,-,-,-,0,-,-,-,-39,-42,-61,,@,1,
2023/04/27,TX,202305/202306    ,-64,-63,-65,-65,-,-,7,-,-,-65,-64,-43,-70,,@,580,
2023/04/27,TX,202305/202306    ,-65,-64,-65,-64,-,-,265,-,-,-65,-63,-43,-70,,L,0,
2023/04/27,TX,202305/202307    ,-313,-313,-323,-323,-,-,12,-,-,-324,-322,-313,-325,,@,52,
2023/04/27,TX,202305/202309    ,-454,-454,-475,-475,-,-,59,-,-,-479,-475,-454,-553,,@,65,
2023/04/27,TX,202305/202312    ,-513,-513,-514,-514,-,-,2,-,-,-536,-528,-513,-626,,@,8,
2023/04/27,TX,202305/202403    ,-,-,-,-,-,-,0,-,-,-575,-563,-566,-618,,@,9,
2023/04/27,TX,202306/202309    ,-,-,-,-,-,-,0,-,-,-417,-360,-442,-535,,@,14,
2023/04/27,TX,202306/202403    ,-,-,-,-,-,-,0,-,-,-510,0,-,-,,@,1,
2023/04/27,TX,202309/202312    ,-43,-43,-43,-43,-,-,1,-,-,-,-48,-43,-81,,@,3,
2023/04/27,TX,202309/202403    ,-98,-98,-98,-98,-,-,1,-,-,-,-97,-98,-110,,@,10,
2023/04/27,TX,202312/202403    ,-,-,-,-,-,-,0,-,-,-,-37,-42,-61,,@,1,
2023/04/28,TX,202305/202306    ,-64,-64,-64,-64,-,-,50,-,-,-64,-62,-43,-70,,@,502,
2023/04/28,TX,202305/202306    ,-64,-64,-64,-64,-,-,16,-,-,-65,-63,-43,-70,,L,0,
2023/04/28,TX,202305/202307    ,-334,-334,-334,-334,-,-,6,-,-,-338,-334,-313,-334,,@,55,
2023/04/28,TX,202305/202309    ,-490,-490,-490,-490,-,-,1,-,-,-495,-487,-454,-553,,@,19,
2023/04/28,TX,202305/202312    ,-,-,-,-,-,-,0,-,-,-562,-545,-513,-626,,@,4,
2023/04/28,TX,202305/202403    ,-,-,-,-,-,-,0,-,-,-605,-591,-566,-618,,@,14,
2023/04/28,TX,202306/202309    ,-,-,-,-,-,-,0,-,-,-427,-415,-442,-535,,@,1,
2023/04/28,TX,202306/202403    ,-,-,-,-,-,-,0,-,-,-540,0,-,-,,@,4,
2023/04/28,TX,202309/202312    ,-,-,-,-,-,-,0,-,-,-69,-49,-43,-81,,@,1,
