交易日期,契約,到期月份(週別),開盤價,最高價,最低價,收盤價,漲跌價,漲跌%,成交量,結算價,未沖銷契約數,最後最佳買價,最後最佳賣價,歷史最高價,歷史最低價,是否因訊息面暫停交易,交易時段,價差對單式委託成交量
2023/03/01,TX,202303  ,15381,15555,15333,15544,3,0.02%,82601,15546,69008,15542,15544,17000,12563,,一般,,
2023/03/01,TX,202303  ,15540,15541,15391,15441,-100,-0.64%,45956,-,-,15436,15439,17000,12563,,盤後,,
2023/03/01,TX,202304  ,15320,15519,15305,15510,4,0.03%,1271,15510,2963,15507,15510,15681,15174,,一般,,
2023/03/01,TX,202304  ,15500,15500,15360,15404,-102,-0.66%,746,-,-,15402,15408,15681,15174,,盤後,,
2023/03/01,TX,202305  ,15300,15500,15299,15495,0,0.00%,93,15495,343,15490,15495,15641,15270,,一般,,
2023/03/01,TX,202305  ,15478,15482,15355,15379,-116,-0.75%,117,-,-,15388,15394,15641,15270,,盤後,,
2023/03/01,TX,202306  ,15266,15450,15263,15450,0,0.00%,33,15450,618,15443,15447,15607,12496,,一般,,
2023/03/01,TX,202306  ,15416,15416,15348,15348,-102,-0.66%,7,-,-,15343,15349,15607,12496,,盤後,,
2023/03/01,TX,202309  ,14716,14904,14716,14900,-7,-0.05%,15,14900,358,14899,14906,15090,11969,,一般,,
2023/03/01,TX,202309  ,14860,14864,14770,14783,-124,-0.83%,27,-,-,14797,14806,15090,11969,,盤後,,
2023/03/01,TX,202312  ,14718,14823,14626,14823,10,0.07%,24,14823,112,14812,14820,14993,13257,,一般,,
2023/03/01,TX,202312  ,14700,14700,14679,14679,-134,-0.90%,3,-,-,14708,14715,14993,13257,,盤後,,
2023/03/02,TX,202303  ,15596,15618,15435,15542,-4,-0.03%,81548,15542,69601,15542,15544,17000,12563,,一般,,
2023/03/02,TX,202303  ,15552,15594,15488,15514,-32,-0.21%,45532,-,-,15512,15514,17000,12563,,盤後,,
2023/03/02,TX,202304  ,15547,15583,15404,15506,-4,-0.03%,957,15506,3352,15506,15510,15681,15174,,一般,,
2023/03/02,TX,202304  ,15522,15558,15456,15480,-30,-0.19%,490,-,-,15480,15482,15681,15174,,盤後,,
2023/03/02,TX,202305  ,15540,15567,15395,15490,-5,-0.03%,87,15490,372,15492,15497,15641,15270,,一般,,
2023/03/02,TX,202305  ,15505,15542,15450,15466,-29,-0.19%,31,-,-,15461,15466,15641,15270,,盤後,,
2023/03/02,TX,202306  ,15520,15520,15386,15472,22,0.14%,28,15446,631,15444,15448,15607,12496,,一般,,
2023/03/02,TX,202306  ,15467,15490,15418,15438,-12,-0.08%,17,-,-,15416,15422,15607,12496,,盤後,,
2023/03/02,TX,202309  ,14899,14932,14825,14932,32,0.21%,15,14903,355,14900,14907,15090,11969,,一般,,
2023/03/02,TX,202309  ,14935,14948,14870,14870,-30,-0.20%,37,-,-,14874,14881,15090,11969,,盤後,,
2023/03/02,TX,202312  ,14800,14851,14777,14845,22,0.15%,9,14822,114,14820,14825,14993,13257,,一般,,
2023/03/02,TX,202312  ,14864,14866,14770,14783,-40,-0.27%,11,-,-,14786,14794,14993,13257,,盤後,,
2023/03/03,TX,202303  ,15612,15670,15568,15619,77,0.50%,81464,15615,72125,15616,15619,17000,12563,,一般,,
2023/03/03,TX,202303  ,15540,15646,15505,15633,91,0.59%,42902,-,-,15631,15633,17000,12563,,盤後,,
2023/03/03,TX,202304  ,15592,15632,15535,15584,78,0.50%,989,15581,3764,15580,15585,15681,15174,,一般,,
2023/03/03,TX,202304  ,15504,15610,15474,15594,88,0.57%,383,-,-,15595,15599,15681,15174,,盤後,,
2023/03/03,TX,202305  ,15573,15612,15521,15568,78,0.50%,127,15568,406,15566,15572,15641,15270,,一般,,
2023/03/03,TX,202305  ,15475,15591,15460,15579,89,0.57%,54,-,-,15580,15585,15641,15270,,盤後,,
2023/03/03,TX,202306  ,15525,15563,15495,15537,91,0.59%,21,15520,653,15517,15523,15607,12496,,一般,,
2023/03/03,TX,202306  ,15420,15548,15420,15548,102,0.66%,23,-,-,15533,15538,15607,12496,,盤後,,
2023/03/03,TX,202309  ,15005,15022,14947,15000,97,0.65%,23,14976,359,14972,14980,15090,11969,,一般,,
2023/03/03,TX,202309  ,14896,15000,14889,15000,97,0.65%,47,-,-,14984,14993,15090,11969,,盤後,,
2023/03/03,TX,202312  ,14933,14933,14872,14902,80,0.54%,8,14902,112,14890,14898,14993,13257,,一般,,
2023/03/03,TX,202312  ,14810,14903,14795,14903,81,0.55%,6,-,-,14906,14913,14993,13257,,盤後,,
2023/03/06,TX,202303  ,15730,15834,15692,15774,159,1.02%,88661,15772,71813,15773,15774,17000,12563,,一般,,
2023/03/06,TX,202303  ,15618,15724,15605,15721,106,0.68%,33260,-,-,15720,15721,17000,12563,,盤後,,
2023/03/06,TX,202304  ,15689,15797,15658,15739,158,1.01%,1634,15740,4454,15737,15741,15797,15174,,一般,,
2023/03/06,TX,202304  ,15581,15689,15571,15686,105,0.67%,558,-,-,15684,15687,15689,15174,,盤後,,
2023/03/06,TX,202305  ,15667,15775,15645,15713,145,0.93%,243,15725,468,15724,15727,15775,15270,,一般,,
2023/03/06,TX,202305  ,15566,15670,15566,15670,102,0.66%,61,-,-,15668,15672,15670,15270,,盤後,,
2023/03/06,TX,202306  ,15609,15734,15606,15661,141,0.91%,85,15675,679,15673,15677,15734,12496,,一般,,
2023/03/06,TX,202306  ,15529,15622,15529,15620,100,0.64%,39,-,-,15618,15622,15622,12496,,盤後,,
2023/03/06,TX,202309  ,15019,15172,15019,15136,160,1.07%,110,15136,359,15128,15134,15172,11969,,一般,,
2023/03/06,TX,202309  ,15006,15070,14985,15070,94,0.63%,36,-,-,15064,15073,15090,11969,,盤後,,
2023/03/06,TX,202312  ,15052,15102,15052,15075,173,1.16%,9,15048,122,15047,15050,15102,13257,,一般,,
2023/03/06,TX,202312  ,14957,14969,14957,14969,67,0.45%,3,-,-,14990,14997,14993,13257,,盤後,,
2023/03/07,TX,202303  ,15786,15894,15750,15874,102,0.65%,66075,15873,72165,15872,15874,17000,12563,,一般,,
2023/03/07,TX,202303  ,15772,15831,15748,15767,-5,-0.03%,29513,-,-,15763,15768,17000,12563,,盤後,,
2023/03/07,TX,202304  ,15744,15858,15718,15837,97,0.62%,1340,15839,5214,15836,15840,15858,15174,,一般,,
2023/03/07,TX,202304  ,15740,15795,15716,15738,-2,-0.01%,586,-,-,15727,15735,15797,15174,,盤後,,
2023/03/07,TX,202305  ,15716,15841,15704,15825,100,0.64%,128,15825,537,15821,15825,15841,15270,,一般,,
2023/03/07,TX,202305  ,15733,15777,15705,15705,-20,-0.13%,41,-,-,15712,15721,15777,15270,,盤後,,
2023/03/07,TX,202306  ,15670,15793,15655,15779,104,0.66%,60,15779,692,15769,15775,15793,12496,,一般,,
2023/03/07,TX,202306  ,15692,15725,15670,15670,-5,-0.03%,7,-,-,15663,15672,15734,12496,,盤後,,
2023/03/07,TX,202309  ,15153,15245,15153,15227,91,0.60%,61,15227,358,15227,15233,15245,11969,,一般,,
2023/03/07,TX,202309  ,15135,15184,15135,15151,15,0.10%,50,-,-,15118,15128,15184,11969,,盤後,,
2023/03/07,TX,202312  ,15066,15165,15066,15150,102,0.68%,10,15150,123,15144,15151,15165,13257,,一般,,
2023/03/07,TX,202312  ,15070,15070,15033,15033,-15,-0.10%,2,-,-,15034,15045,15102,13257,,盤後,,
2023/03/08,TX,202303  ,15725,15809,15721,15785,-88,-0.55%,75396,15785,66054,15784,15785,17000,12563,,一般,,
2023/03/08,TX,202303  ,15862,15883,15719,15741,-132,-0.83%,51883,-,-,15740,15743,17000,12563,,盤後,,
2023/03/08,TX,202304  ,15700,15775,15689,15751,-88,-0.56%,2012,15753,6139,15750,15753,15858,15174,,一般,,
2023/03/08,TX,202304  ,15827,15846,15688,15708,-131,-0.83%,1212,-,-,15705,15711,15858,15174,,盤後,,
2023/03/08,TX,202305  ,15695,15759,15678,15738,-87,-0.55%,173,15738,605,15736,15740,15841,15270,,一般,,
2023/03/08,TX,202305  ,15815,15828,15678,15678,-147,-0.93%,178,-,-,15691,15697,15841,15270,,盤後,,
2023/03/08,TX,202306  ,15664,15710,15650,15696,-83,-0.53%,41,15696,695,15686,15690,15793,12496,,一般,,
2023/03/08,TX,202306  ,15759,15776,15650,15650,-129,-0.82%,34,-,-,15641,15647,15793,12496,,盤後,,
2023/03/08,TX,202309  ,15112,15159,15112,15153,-74,-0.49%,15,15153,363,15142,15148,15245,11969,,一般,,
2023/03/08,TX,202309  ,15223,15234,15093,15093,-134,-0.88%,19,-,-,15092,15102,15245,11969,,盤後,,
2023/03/08,TX,202312  ,15055,15080,15055,15055,-95,-0.63%,7,15063,126,15061,15066,15165,13257,,一般,,
2023/03/08,TX,202312  ,15135,15140,15000,15000,-150,-0.99%,16,-,-,15016,15025,15165,13257,,盤後,,
2023/03/09,TX,202303  ,15855,15862,15751,15767,-18,-0.11%,63471,15766,66358,15765,15769,17000,12563,,一般,,
2023/03/09,TX,202303  ,15788,15866,15777,15866,81,0.51%,43549,-,-,15863,15866,17000,12563,,盤後,,
2023/03/09,TX,202304  ,15813,15827,15722,15738,-15,-0.10%,1823,15735,7810,15733,15737,15858,15174,,一般,,
2023/03/09,TX,202304  ,15754,15830,15745,15830,77,0.49%,1499,-,-,15827,15831,15858,15174,,盤後,,
2023/03/09,TX,202305  ,15809,15810,15710,15725,-13,-0.08%,94,15725,639,15721,15725,15841,15270,,一般,,
2023/03/09,TX,202305  ,15740,15812,15730,15810,72,0.46%,117,-,-,15812,15818,15841,15270,,盤後,,
2023/03/09,TX,202306  ,15751,15751,15671,15671,-25,-0.16%,33,15671,727,15672,15679,15793,12496,,一般,,
2023/03/09,TX,202306  ,15696,15749,15696,15748,52,0.33%,31,-,-,15763,15769,15793,12496,,盤後,,
2023/03/09,TX,202309  ,15138,15159,15138,15159,6,0.04%,6,15131,366,15126,15136,15245,11969,,一般,,
2023/03/09,TX,202309  ,15143,15213,15143,15213,60,0.40%,25,-,-,15215,15223,15245,11969,,盤後,,
2023/03/09,TX,202312  ,15120,15120,15046,15046,-17,-0.11%,10,15046,128,15046,15056,15165,13257,,一般,,
2023/03/09,TX,202312  ,15100,15125,15096,15106,43,0.29%,9,-,-,15135,15144,15165,13257,,盤後,,
2023/03/10,TX,202303  ,15618,15624,15452,15484,-282,-1.79%,100898,15481,64951,15481,15482,17000,12563,,一般,,
2023/03/10,TX,202303  ,15767,15798,15616,15626,-140,-0.89%,61782,-,-,15626,15627,17000,12563,,盤後,,
2023/03/10,TX,202304  ,15583,15596,15423,15448,-287,-1.82%,6804,15448,12365,15448,15450,15858,15174,,一般,,
2023/03/10,TX,202304  ,15735,15766,15591,15601,-134,-0.85%,2838,-,-,15600,15602,15858,15174,,盤後,,
2023/03/10,TX,202305  ,15580,15581,15416,15440,-285,-1.81%,274,15440,774,15438,15442,15841,15270,,一般,,
2023/03/10,TX,202305  ,15700,15752,15583,15587,-138,-0.88%,207,-,-,15588,15593,15841,15270,,盤後,,
2023/03/10,TX,202306  ,15532,15532,15376,15402,-269,-1.72%,39,15402,715,15396,15399,15793,12496,,一般,,
2023/03/10,TX,202306  ,15650,15705,15543,15549,-122,-0.78%,43,-,-,15545,15553,15793,12496,,盤後,,
2023/03/10,TX,202309  ,14970,14981,14861,14861,-270,-1.78%,24,14861,380,14861,14874,15245,11969,,一般,,
2023/03/10,TX,202309  ,15090,15133,15003,15003,-128,-0.85%,12,-,-,14996,15008,15245,11969,,盤後,,
2023/03/10,TX,202312  ,14900,14900,14785,14790,-256,-1.70%,28,14790,155,14781,14794,15165,13257,,一般,,
2023/03/10,TX,202312  ,14998,15054,14921,14921,-125,-0.83%,15,-,-,14913,14928,15165,13257,,盤後,,
2023/03/13,TX,202303  ,15450,15540,15345,15520,39,0.25%,137218,15519,39314,15518,15520,17000,12563,,一般,,
2023/03/13,TX,202303  ,15476,15552,15391,15404,-77,-0.50%,84223,-,-,15402,15404,17000,12563,,盤後,,
2023/03/13,TX,202304  ,15398,15494,15315,15472,24,0.16%,41006,15474,34215,15471,15473,15858,15174,,一般,,
2023/03/13,TX,202304  ,15434,15515,15358,15368,-80,-0.52%,4681,-,-,15366,15370,15858,15174,,盤後,,
2023/03/13,TX,202305  ,15403,15476,15313,15454,14,0.09%,323,15454,886,15455,15459,15841,15270,,一般,,
2023/03/13,TX,202305  ,15460,15500,15348,15348,-92,-0.60%,128,-,-,15356,15360,15841,15270,,盤後,,
2023/03/13,TX,202306  ,15396,15430,15274,15410,8,0.05%,99,15410,707,15404,15415,15793,12496,,一般,,
2023/03/13,TX,202306  ,15415,15460,15315,15315,-87,-0.56%,29,-,-,15312,15319,15793,12496,,盤後,,
2023/03/13,TX,202309  ,14854,14896,14729,14880,19,0.13%,28,14880,382,14855,14879,15245,11969,,一般,,
2023/03/13,TX,202309  ,14862,14913,14800,14800,-61,-0.41%,30,-,-,14775,14787,15245,11969,,盤後,,
2023/03/13,TX,202312  ,14667,14810,14667,14789,-1,-0.01%,11,14789,163,14784,14792,15165,13257,,一般,,
2023/03/13,TX,202312  ,14798,14817,14750,14800,10,0.07%,15,-,-,14695,14708,15165,13257,,盤後,,
2023/03/14,TX,202303  ,15358,15428,15310,15352,-167,-1.08%,103551,15354,25173,15351,15353,17000,12563,,一般,,
2023/03/14,TX,202303  ,15538,15563,15355,15421,-98,-0.63%,94344,-,-,15421,15422,17000,12563,,盤後,,
2023/03/14,TX,202304  ,15330,15372,15268,15286,-188,-1.21%,37731,15288,48095,15285,15288,15858,15174,,一般,,
2023/03/14,TX,202304  ,15495,15512,15315,15376,-98,-0.63%,11651,-,-,15374,15377,15858,15174,,盤後,,
2023/03/14,TX,202305  ,15315,15355,15257,15274,-180,-1.16%,374,15275,991,15270,15276,15841,15257,,一般,,
2023/03/14,TX,202305  ,15495,15495,15303,15340,-114,-0.74%,322,-,-,15359,15364,15841,15270,,盤後,,
2023/03/14,TX,202306  ,15260,15314,15215,15262,-148,-0.96%,30,15229,697,15225,15234,15793,12496,,一般,,
2023/03/14,TX,202306  ,15363,15365,15260,15335,-75,-0.49%,50,-,-,15314,15324,15793,12496,,盤後,,
2023/03/14,TX,202309  ,14724,14798,14697,14739,-141,-0.95%,15,14714,383,14704,14725,15245,11969,,一般,,
2023/03/14,TX,202309  ,14872,14872,14745,14807,-73,-0.49%,15,-,-,14789,14798,15245,11969,,盤後,,
2023/03/14,TX,202312  ,14646,14707,14621,14660,-129,-0.87%,18,14639,187,14633,14646,15165,13257,,一般,,
2023/03/14,TX,202312  ,14713,14737,14660,14737,-52,-0.35%,16,-,-,14705,14719,15165,13257,,盤後,,
2023/03/15,TX,202303  ,15472,15532,15404,15404,50,0.33%,54171,0,13041,15404,15405,17000,12563,,一般,,
2023/03/15,TX,202303  ,15340,15496,15338,15482,128,0.83%,54748,-,-,15481,15482,17000,12563,,盤後,,
2023/03/15,TX,202304  ,15402,15475,15316,15328,40,0.26%,58835,15330,62084,15328,15332,15858,15174,,一般,,
2023/03/15,TX,202304  ,15284,15423,15275,15413,125,0.82%,15648,-,-,15411,15412,15858,15174,,盤後,,
2023/03/15,TX,202305  ,15375,15448,15299,15308,33,0.22%,709,15310,1258,15307,15312,15841,15257,,一般,,
2023/03/15,TX,202305  ,15286,15400,15261,15400,125,0.82%,234,-,-,15388,15399,15841,15257,,盤後,,
2023/03/15,TX,202306  ,15328,15390,15250,15250,21,0.14%,59,15259,707,15256,15262,15793,12496,,一般,,
2023/03/15,TX,202306  ,15230,15347,15230,15347,118,0.77%,38,-,-,15337,15354,15793,12496,,盤後,,
2023/03/15,TX,202309  ,14822,14873,14753,14753,39,0.27%,15,14753,384,14737,14751,15245,11969,,一般,,
2023/03/15,TX,202309  ,14732,14800,14732,14776,62,0.42%,9,-,-,14825,14839,15245,11969,,盤後,,
2023/03/15,TX,202312  ,14762,14802,14679,14679,40,0.27%,21,14679,178,14665,14680,15165,13257,,一般,,
2023/03/15,TX,202312  ,14650,14767,14650,14767,128,0.87%,22,-,-,14756,14767,15165,13257,,盤後,,
2023/03/16,TX,202304  ,15194,15305,15150,15227,-103,-0.67%,115384,15226,65640,15226,15227,15858,15068,,一般,,
2023/03/16,TX,202304  ,15340,15349,15068,15181,-149,-0.97%,100002,-,-,15181,15182,15858,15068,,盤後,,
2023/03/16,TX,202305  ,15166,15281,15128,15204,-106,-0.69%,1181,15205,1656,15202,15206,15841,15047,,一般,,
2023/03/16,TX,202305  ,15320,15329,15047,15159,-151,-0.99%,1241,-,-,15159,15161,15841,15047,,盤後,,
2023/03/16,TX,202306  ,15125,15224,15087,15152,-107,-0.70%,134,15152,721,15151,15154,15793,12496,,一般,,
2023/03/16,TX,202306  ,15260,15260,15006,15106,-153,-1.00%,131,-,-,15107,15112,15793,12496,,盤後,,
2023/03/16,TX,202309  ,14658,14711,14626,14631,-122,-0.83%,19,14647,384,14644,14650,15245,11969,,一般,,
2023/03/16,TX,202309  ,14683,14683,14548,14597,-156,-1.06%,25,-,-,14600,14607,15245,11969,,盤後,,
2023/03/16,TX,202312  ,14472,14635,14472,14560,-119,-0.81%,26,14575,188,14572,14578,15165,13257,,一般,,
2023/03/16,TX,202312  ,14661,14661,14438,14525,-154,-1.05%,31,-,-,14531,14539,15165,13257,,盤後,,
2023/03/16,TX,202403  ,14536,14585,14451,14496,-157,-1.07%,29,14515,11,14512,14519,14585,14451,,一般,,
2023/03/17,TX,202304  ,15310,15418,15298,15403,177,1.16%,91820,15405,66215,15402,15403,15858,15068,,一般,,
2023/03/17,TX,202304  ,15197,15356,15162,15341,115,0.76%,75085,-,-,15341,15343,15858,15068,,盤後,,
2023/03/17,TX,202305  ,15304,15391,15276,15381,176,1.16%,1052,15380,1973,15376,15378,15841,15047,,一般,,
2023/03/17,TX,202305  ,15168,15330,15142,15323,118,0.78%,986,-,-,15315,15320,15841,15047,,盤後,,
2023/03/17,TX,202306  ,15234,15333,15234,15324,172,1.14%,114,15324,735,15320,15321,15793,12496,,一般,,
2023/03/17,TX,202306  ,15100,15273,15096,15270,118,0.78%,92,-,-,15261,15269,15793,12496,,盤後,,
2023/03/17,TX,202309  ,14788,14824,14775,14824,177,1.21%,15,14824,380,14816,14820,15245,11969,,一般,,
2023/03/17,TX,202309  ,14608,14775,14608,14775,128,0.87%,21,-,-,14759,14766,15245,11969,,盤後,,
2023/03/17,TX,202312  ,14654,14765,14654,14760,185,1.27%,30,14749,200,14746,14753,15165,13257,,一般,,
2023/03/17,TX,202312  ,14541,14680,14521,14680,105,0.72%,22,-,-,14685,14692,15165,13257,,盤後,,
2023/03/17,TX,202403  ,14609,14712,14609,14712,197,1.36%,63,14698,42,14695,14702,14712,14451,,一般,,
2023/03/17,TX,202403  ,14486,14633,14478,14633,118,0.81%,55,-,-,14626,14633,14633,14451,,盤後,,
2023/03/20,TX,202304  ,15454,15477,15352,15373,-32,-0.21%,79652,15370,65540,15370,15373,15858,15068,,一般,,
2023/03/20,TX,202304  ,15417,15428,15321,15338,-67,-0.43%,58496,-,-,15337,15338,15858,15068,,盤後,,
2023/03/20,TX,202305  ,15422,15448,15330,15349,-31,-0.20%,1075,15348,2243,15345,15351,15841,15047,,一般,,
2023/03/20,TX,202305  ,15383,15401,15298,15314,-66,-0.43%,648,-,-,15312,15316,15841,15047,,盤後,,
2023/03/20,TX,202306  ,15377,15383,15280,15307,-17,-0.11%,39,15293,729,15290,15296,15793,12496,,一般,,
2023/03/20,TX,202306  ,15321,15343,15248,15262,-62,-0.40%,60,-,-,15256,15260,15793,12496,,盤後,,
2023/03/20,TX,202309  ,14882,14902,14800,14800,-24,-0.16%,5,14812,391,14808,14817,15245,11969,,一般,,
2023/03/20,TX,202309  ,14836,14847,14767,14775,-49,-0.33%,52,-,-,14773,14780,15245,11969,,盤後,,
2023/03/20,TX,202312  ,14797,14797,14782,14782,33,0.22%,3,14741,207,14735,14747,15165,13257,,一般,,
2023/03/20,TX,202312  ,14764,14769,14690,14698,-51,-0.35%,21,-,-,14697,14706,15165,13257,,盤後,,
2023/03/20,TX,202403  ,14698,14763,14690,14725,27,0.18%,26,14689,47,14683,14696,14763,14451,,一般,,
2023/03/20,TX,202403  ,14716,14716,14636,14669,-29,-0.20%,6,-,-,14638,14653,14716,14451,,盤後,,
2023/03/21,TX,202304  ,15464,15517,15425,15455,85,0.55%,73240,15455,65755,15452,15455,15858,15068,,一般,,
2023/03/21,TX,202304  ,15291,15451,15211,15445,75,0.49%,71128,-,-,15445,15448,15858,15068,,盤後,,
2023/03/21,TX,202305  ,15430,15490,15401,15426,78,0.51%,677,15426,2162,15426,15431,15841,15047,,一般,,
2023/03/21,TX,202305  ,15281,15425,15200,15420,72,0.47%,814,-,-,15419,15425,15841,15047,,盤後,,
2023/03/21,TX,202306  ,15377,15427,15353,15382,89,0.58%,106,15372,777,15369,15375,15793,12496,,一般,,
2023/03/21,TX,202306  ,15200,15364,15182,15362,69,0.45%,69,-,-,15361,15368,15793,12496,,盤後,,
2023/03/21,TX,202309  ,14899,14938,14890,14890,78,0.53%,10,14890,400,14887,14894,15245,11969,,一般,,
2023/03/21,TX,202309  ,14700,14860,14700,14859,47,0.32%,20,-,-,14881,14888,15245,11969,,盤後,,
2023/03/21,TX,202312  ,14852,14879,14819,14828,87,0.59%,13,14828,206,14818,14825,15165,13257,,一般,,
2023/03/21,TX,202312  ,14650,14817,14641,14817,76,0.52%,6,-,-,14815,14822,15165,13257,,盤後,,
2023/03/21,TX,202403  ,14785,14803,14750,14775,86,0.59%,23,14775,54,14763,14772,14803,14451,,一般,,
2023/03/21,TX,202403  ,14588,14763,14588,14763,74,0.50%,29,-,-,14756,14767,14763,14451,,盤後,,
2023/03/22,TX,202304  ,15589,15725,15568,15712,257,1.66%,79375,15715,72441,15712,15714,15858,15068,,一般,,
2023/03/22,TX,202304  ,15475,15584,15457,15577,122,0.79%,51979,-,-,15575,15577,15858,15068,,盤後,,
2023/03/22,TX,202305  ,15565,15696,15545,15685,259,1.68%,822,15687,2691,15682,15686,15841,15047,,一般,,
2023/03/22,TX,202305  ,15445,15555,15433,15552,126,0.82%,649,-,-,15548,15552,15841,15047,,盤後,,
2023/03/22,TX,202306  ,15505,15631,15493,15630,258,1.68%,115,15630,835,15621,15626,15793,12496,,一般,,
2023/03/22,TX,202306  ,15380,15499,15380,15494,122,0.79%,41,-,-,15490,15495,15793,12496,,盤後,,
2023/03/22,TX,202309  ,15019,15144,15012,15135,245,1.65%,31,15135,396,15131,15139,15245,11969,,一般,,
2023/03/22,TX,202309  ,14902,15012,14902,15012,122,0.82%,25,-,-,15006,15014,15245,11969,,盤後,,
2023/03/22,TX,202312  ,14939,15080,14939,15080,252,1.70%,22,15068,214,15065,15071,15165,13257,,一般,,
2023/03/22,TX,202312  ,14837,14930,14837,14930,102,0.69%,22,-,-,14940,14943,15165,13257,,盤後,,
2023/03/22,TX,202403  ,14898,15030,14875,15030,255,1.73%,82,15017,76,15013,15021,15030,14451,,一般,,
2023/03/22,TX,202403  ,14784,14890,14784,14864,89,0.60%,48,-,-,14888,14892,14890,14451,,盤後,,
2023/03/23,TX,202304  ,15695,15866,15683,15837,122,0.78%,87831,15836,75135,15836,15838,15866,15068,,一般,,
2023/03/23,TX,202304  ,15724,15844,15654,15671,-44,-0.28%,71235,-,-,15667,15672,15858,15068,,盤後,,
2023/03/23,TX,202305  ,15662,15833,15658,15808,121,0.77%,1281,15807,3131,15805,15807,15841,15047,,一般,,
2023/03/23,TX,202305  ,15685,15812,15628,15644,-43,-0.27%,816,-,-,15637,15645,15841,15047,,盤後,,
2023/03/23,TX,202306  ,15593,15770,15593,15739,109,0.70%,149,15739,872,15739,15743,15793,12496,,一般,,
2023/03/23,TX,202306  ,15613,15733,15566,15578,-52,-0.33%,159,-,-,15573,15583,15793,12496,,盤後,,
2023/03/23,TX,202309  ,15161,15270,15127,15226,91,0.60%,38,15249,396,15246,15253,15270,11969,,一般,,
2023/03/23,TX,202309  ,15181,15248,15080,15080,-55,-0.36%,37,-,-,15078,15090,15248,11969,,盤後,,
2023/03/23,TX,202312  ,15050,15164,15050,15164,96,0.64%,15,15176,205,15172,15181,15170,13257,,一般,,
2023/03/23,TX,202312  ,15100,15170,15028,15028,-40,-0.27%,28,-,-,15013,15025,15170,13257,,盤後,,
2023/03/23,TX,202403  ,15022,15159,15021,15116,99,0.66%,38,15127,88,15124,15130,15159,14451,,一般,,
2023/03/23,TX,202403  ,15053,15117,14966,14966,-51,-0.34%,51,-,-,14964,14979,15117,14451,,盤後,,
2023/03/24,TX,202304  ,15878,15923,15806,15912,76,0.48%,72534,15917,74211,15912,15920,15979,15068,,一般,,
2023/03/24,TX,202304  ,15847,15979,15798,15899,63,0.40%,70836,-,-,15899,15902,15979,15068,,盤後,,
2023/03/24,TX,202305  ,15847,15892,15778,15886,79,0.50%,912,15886,3477,15881,15891,15946,15047,,一般,,
2023/03/24,TX,202305  ,15849,15946,15770,15873,66,0.42%,1009,-,-,15868,15874,15946,15047,,盤後,,
2023/03/24,TX,202306  ,15773,15820,15718,15816,77,0.49%,75,15816,931,15810,15821,15870,12496,,一般,,
2023/03/24,TX,202306  ,15772,15870,15715,15772,33,0.21%,117,-,-,15799,15805,15870,12496,,盤後,,
2023/03/24,TX,202309  ,15230,15289,15228,15289,40,0.26%,17,15310,395,15303,15317,15372,11969,,一般,,
2023/03/24,TX,202309  ,15263,15372,15218,15287,38,0.25%,135,-,-,15293,15312,15372,11969,,盤後,,
2023/03/24,TX,202312  ,-,-,-,-,-,-,0,15243,213,15235,15251,15282,13257,,一般,,
2023/03/24,TX,202312  ,15186,15282,15150,15207,31,0.20%,27,-,-,15227,15242,15282,13257,,盤後,,
2023/03/24,TX,202403  ,15125,15192,15118,15192,65,0.43%,11,15192,92,15185,15201,15246,14451,,一般,,
2023/03/24,TX,202403  ,15150,15246,15110,15176,49,0.32%,42,-,-,15174,15192,15246,14451,,盤後,,
2023/03/27,TX,202304  ,15855,15893,15793,15831,-86,-0.54%,72250,15829,69345,15828,15832,15979,15068,,一般,,
2023/03/27,TX,202304  ,15907,15935,15780,15880,-37,-0.23%,66598,-,-,15880,15881,15979,15068,,盤後,,
2023/03/27,TX,202305  ,15841,15865,15768,15800,-86,-0.54%,1347,15801,3882,15800,15805,15946,15047,,一般,,
2023/03/27,TX,202305  ,15879,15905,15755,15851,-35,-0.22%,687,-,-,15851,15854,15946,15047,,盤後,,
2023/03/27,TX,202306  ,15785,15785,15700,15736,-80,-0.51%,124,15736,991,15731,15737,15870,12496,,一般,,
2023/03/27,TX,202306  ,15807,15819,15682,15784,-32,-0.20%,155,-,-,15780,15784,15870,12496,,盤後,,
2023/03/27,TX,202309  ,15282,15282,15227,15280,-30,-0.20%,14,15243,394,15240,15246,15372,11969,,一般,,
2023/03/27,TX,202309  ,15315,15315,15196,15250,-60,-0.39%,22,-,-,15281,15289,15372,11969,,盤後,,
2023/03/27,TX,202312  ,15151,15218,15151,15218,-25,-0.16%,4,15171,213,15167,15176,15282,13257,,一般,,
2023/03/27,TX,202312  ,15154,15158,15154,15158,-85,-0.56%,4,-,-,15215,15221,15282,13257,,盤後,,
2023/03/27,TX,202403  ,15162,15170,15102,15119,-73,-0.48%,21,15119,95,15112,15122,15246,14451,,一般,,
2023/03/27,TX,202403  ,15209,15209,15071,15160,-32,-0.21%,26,-,-,15158,15166,15246,14451,,盤後,,
2023/03/28,TX,202304  ,15814,15829,15655,15690,-139,-0.88%,84158,15689,69508,15689,15693,15979,15068,,一般,,
2023/03/28,TX,202304  ,15815,15831,15722,15760,-69,-0.44%,51905,-,-,15760,15764,15979,15068,,盤後,,
2023/03/28,TX,202305  ,15776,15800,15631,15666,-135,-0.85%,1001,15666,4133,15663,15668,15946,15047,,一般,,
2023/03/28,TX,202305  ,15788,15800,15698,15734,-67,-0.42%,532,-,-,15732,15738,15946,15047,,盤後,,
2023/03/28,TX,202306  ,15708,15715,15568,15596,-140,-0.89%,136,15596,1069,15595,15602,15870,12496,,一般,,
2023/03/28,TX,202306  ,15681,15708,15632,15650,-86,-0.55%,32,-,-,15664,15670,15870,12496,,盤後,,
2023/03/28,TX,202309  ,15150,15150,15080,15080,-163,-1.07%,14,15113,390,15109,15118,15372,11969,,一般,,
2023/03/28,TX,202309  ,15168,15207,15156,15189,-54,-0.35%,22,-,-,15170,15179,15372,11969,,盤後,,
2023/03/28,TX,202312  ,15160,15160,15020,15020,-151,-1.00%,9,15041,216,15036,15046,15282,13257,,一般,,
2023/03/28,TX,202312  ,15100,15123,15080,15080,-91,-0.60%,7,-,-,15103,15112,15282,13257,,盤後,,
2023/03/28,TX,202403  ,15091,15091,14980,14980,-139,-0.92%,7,14994,93,14989,14999,15246,14451,,一般,,
2023/03/28,TX,202403  ,15070,15097,15027,15048,-71,-0.47%,15,-,-,15052,15062,15246,14451,,盤後,,
2023/03/29,TX,202304  ,15730,15787,15653,15740,51,0.33%,77212,15738,69250,15738,15740,15979,15068,,一般,,
2023/03/29,TX,202304  ,15710,15719,15642,15695,6,0.04%,40073,-,-,15691,15694,15979,15068,,盤後,,
2023/03/29,TX,202305  ,15695,15759,15629,15711,45,0.29%,1039,15712,4197,15712,15716,15946,15047,,一般,,
2023/03/29,TX,202305  ,15685,15690,15620,15671,5,0.03%,605,-,-,15665,15671,15946,15047,,盤後,,
2023/03/29,TX,202306  ,15635,15690,15565,15645,49,0.31%,72,15645,1101,15644,15649,15870,12496,,一般,,
2023/03/29,TX,202306  ,15611,15625,15576,15588,-8,-0.05%,26,-,-,15598,15603,15870,12496,,盤後,,
2023/03/29,TX,202309  ,15157,15193,15094,15155,42,0.28%,29,15155,387,15151,15156,15372,11969,,一般,,
2023/03/29,TX,202309  ,15126,15126,15088,15094,-19,-0.13%,9,-,-,15109,15117,15372,11969,,盤後,,
2023/03/29,TX,202312  ,15067,15126,15037,15049,8,0.05%,10,15080,219,15077,15083,15282,13257,,一般,,
2023/03/29,TX,202312  ,15056,15056,15015,15015,-26,-0.17%,5,-,-,15040,15047,15282,13257,,盤後,,
2023/03/29,TX,202403  ,15030,15080,15030,15032,38,0.25%,9,15032,95,15034,15040,15246,14451,,一般,,
2023/03/29,TX,202403  ,15009,15009,14970,14998,4,0.03%,5,-,-,14990,14999,15246,14451,,盤後,,
2023/03/30,TX,202304  ,15822,15862,15761,15821,83,0.53%,78724,15819,68933,15821,15826,15979,15068,,一般,,
2023/03/30,TX,202304  ,15752,15849,15742,15840,102,0.65%,36525,-,-,15840,15844,15979,15068,,盤後,,
2023/03/30,TX,202305  ,15798,15832,15736,15796,84,0.53%,1631,15792,4187,15794,15801,15946,15047,,一般,,
2023/03/30,TX,202305  ,15720,15821,15720,15821,109,0.69%,459,-,-,15812,15819,15946,15047,,盤後,,
2023/03/30,TX,202306  ,15732,15765,15670,15726,81,0.52%,113,15726,1122,15727,15734,15870,12496,,一般,,
2023/03/30,TX,202306  ,15656,15754,15654,15754,109,0.70%,50,-,-,15746,15752,15870,12496,,盤後,,
2023/03/30,TX,202309  ,15225,15257,15196,15230,75,0.49%,20,15230,384,15225,15234,15372,11969,,一般,,
2023/03/30,TX,202309  ,15185,15253,15185,15253,98,0.65%,23,-,-,15243,15253,15372,11969,,盤後,,
2023/03/30,TX,202312  ,15150,15169,15121,15158,78,0.52%,5,15158,219,15156,15166,15282,13257,,一般,,
2023/03/30,TX,202312  ,15121,15170,15121,15170,90,0.60%,5,-,-,15174,15184,15282,13257,,盤後,,
2023/03/30,TX,202403  ,15114,15145,15090,15123,91,0.61%,10,15123,94,15110,15120,15246,14451,,一般,,
2023/03/30,TX,202403  ,15088,15130,15088,15127,95,0.63%,28,-,-,15121,15131,15246,14451,,盤後,,
2023/03/31,TX,202304  ,15879,15965,15860,15864,45,0.28%,82044,15864,69836,15862,15864,15979,15068,,一般,,
2023/03/31,TX,202304  ,15830,15892,15820,15865,46,0.29%,34314,-,-,15864,15866,15979,15068,,盤後,,
2023/03/31,TX,202305  ,15849,15935,15835,15837,45,0.28%,875,15837,4429,15835,15839,15946,15047,,一般,,
2023/03/31,TX,202305  ,15801,15862,15801,15840,48,0.30%,496,-,-,15837,15841,15946,15047,,盤後,,
2023/03/31,TX,202306  ,15789,15869,15768,15771,45,0.29%,174,15771,1191,15768,15772,15870,12496,,一般,,
2023/03/31,TX,202306  ,15740,15796,15736,15782,56,0.36%,137,-,-,15771,15775,15870,12496,,盤後,,
2023/03/31,TX,202309  ,15312,15352,15272,15272,42,0.28%,30,15272,381,15266,15273,15372,11969,,一般,,
2023/03/31,TX,202309  ,15252,15292,15246,15272,42,0.28%,26,-,-,15267,15274,15372,11969,,盤後,,
2023/03/31,TX,202312  ,15248,15288,15223,15223,65,0.43%,14,15200,221,15197,15204,15288,13257,,一般,,
2023/03/31,TX,202312  ,15176,15216,15176,15204,46,0.30%,6,-,-,15198,15205,15282,13257,,盤後,,
2023/03/31,TX,202403  ,15204,15220,15164,15178,55,0.36%,28,15153,96,15150,15157,15246,14451,,一般,,
2023/03/31,TX,202403  ,15130,15176,15130,15144,21,0.14%,30,-,-,15154,15162,15246,14451,,盤後,,
2023/03/01,TX,202303/202304    ,-33,-33,-34,-34,-,-,36,-,-,-35,-34,-33,-41,,一般,799,
2023/03/01,TX,202303/202305    ,-,-,-,-,-,-,0,-,-,-52,-49,-50,-50,,一般,88,
2023/03/01,TX,202303/202306    ,-,-,-,-,-,-,0,-,-,-99,-97,-74,-101,,一般,31,
2023/03/01,TX,202303/202309    ,-,-,-,-,-,-,0,-,-,-643,-638,-603,-640,,一般,14,
2023/03/01,TX,202303/202312    ,-722,-717,-722,-718,-,-,12,-,-,-730,-724,-685,-722,,一般,10,
2023/03/01,TX,202304/202305    ,-,-,-,-,-,-,0,-,-,-18,-12,-13,-19,,一般,1,
2023/03/01,TX,202304/202305    ,-19,-19,-19,-19,-,-,12,-,-,-18,-13,-13,-19,,盤後,0,
2023/03/01,TX,202304/202312    ,-,-,-,-,-,-,0,-,-,-696,-680,-,-,,一般,1,
2023/03/01,TX,202309/202312    ,-,-,-,-,-,-,0,-,-,-,75,-80,-81,,一般,1,
2023/03/02,TX,202303/202304    ,-33,-33,-36,-36,-,-,66,-,-,-36,-34,-33,-41,,一般,604,
2023/03/02,TX,202303/202305    ,-,-,-,-,-,-,0,-,-,-50,-47,-50,-50,,一般,70,
2023/03/02,TX,202303/202306    ,-,-,-,-,-,-,0,-,-,-98,-96,-74,-101,,一般,26,
2023/03/02,TX,202303/202309    ,-,-,-,-,-,-,0,-,-,-642,-637,-603,-640,,一般,15,
2023/03/02,TX,202303/202312    ,-722,-722,-722,-722,-,-,1,-,-,-722,-719,-685,-722,,一般,7,
2023/03/02,TX,202304/202305    ,-,-,-,-,-,-,0,-,-,-17,-13,-13,-19,,一般,9,
2023/03/03,TX,202303/202304    ,-34,-33,-35,-35,-,-,12,-,-,-36,-34,-33,-41,,一般,663,
2023/03/03,TX,202303/202305    ,-,-,-,-,-,-,0,-,-,-50,-47,-50,-50,,一般,108,
2023/03/03,TX,202303/202306    ,-,-,-,-,-,-,0,-,-,-99,-96,-74,-101,,一般,19,
2023/03/03,TX,202303/202309    ,-,-,-,-,-,-,0,-,-,-644,-639,-603,-640,,一般,22,
2023/03/03,TX,202303/202312    ,-,-,-,-,-,-,0,-,-,-726,-721,-685,-722,,一般,7,
2023/03/03,TX,202304/202305    ,-,-,-,-,-,-,0,-,-,-16,-13,-13,-19,,一般,10,
2023/03/03,TX,202304/202312    ,-,-,-,-,-,-,0,-,-,-696,-683,-,-,,一般,1,
2023/03/03,TX,202306/202309    ,-,-,-,-,-,-,0,-,-,-570,-538,-466,-535,,一般,1,
2023/03/06,TX,202303/202304    ,-36,-36,-36,-36,-,-,158,-,-,-36,-33,-33,-41,,一般,881,
2023/03/06,TX,202303/202304    ,-36,-36,-36,-36,-,-,1,-,-,-36,-34,-33,-41,,盤後,0,
2023/03/06,TX,202303/202305    ,-,-,-,-,-,-,0,-,-,-49,-47,-50,-50,,一般,229,
2023/03/06,TX,202303/202306    ,-,-,-,-,-,-,0,-,-,-100,-97,-74,-101,,一般,79,
2023/03/06,TX,202303/202309    ,-,-,-,-,-,-,0,-,-,-645,-640,-603,-640,,一般,102,
2023/03/06,TX,202303/202312    ,-727,-727,-727,-727,-,-,1,-,-,-726,-724,-685,-727,,一般,8,
2023/03/06,TX,202304/202305    ,-,-,-,-,-,-,0,-,-,-17,-13,-13,-19,,一般,2,
2023/03/07,TX,202303/202304    ,-34,-34,-36,-36,-,-,18,-,-,-36,-34,-33,-41,,一般,833,
2023/03/07,TX,202303/202304    ,-36,-34,-36,-34,-,-,5,-,-,-36,-33,-33,-41,,盤後,0,
2023/03/07,TX,202303/202305    ,-,-,-,-,-,-,0,-,-,-51,-49,-50,-50,,一般,114,
2023/03/07,TX,202303/202306    ,-,-,-,-,-,-,0,-,-,-103,-99,-74,-101,,一般,58,
2023/03/07,TX,202303/202309    ,-,-,-,-,-,-,0,-,-,-645,-641,-603,-640,,一般,51,
2023/03/07,TX,202303/202312    ,-,-,-,-,-,-,0,-,-,-728,-723,-685,-727,,一般,10,
2023/03/07,TX,202304/202305    ,-,-,-,-,-,-,0,-,-,-16,-13,-13,-19,,一般,3,
2023/03/08,TX,202303/202304    ,-33,-32,-33,-32,-,-,253,-,-,-34,-32,-32,-41,,一般,1055,
2023/03/08,TX,202303/202304    ,-37,-37,-37,-37,-,-,1,-,-,-35,-32,-33,-41,,盤後,0,
2023/03/08,TX,202303/202305    ,-47,-47,-47,-47,-,-,7,-,-,-48,-45,-47,-50,,一般,139,
2023/03/08,TX,202303/202306    ,-,-,-,-,-,-,0,-,-,-98,-95,-74,-101,,一般,41,
2023/03/08,TX,202303/202306    ,-98,-98,-98,-98,-,-,1,-,-,-99,-96,-74,-101,,盤後,0,
2023/03/08,TX,202303/202309    ,-,-,-,-,-,-,0,-,-,-642,-637,-603,-640,,一般,14,
2023/03/08,TX,202303/202312    ,-721,-719,-721,-719,-,-,3,-,-,-723,-719,-685,-727,,一般,4,
2023/03/08,TX,202304/202305    ,-,-,-,-,-,-,0,-,-,-15,-12,-13,-19,,一般,14,
2023/03/09,TX,202303/202304    ,-34,-30,-34,-30,-,-,509,-,-,-32,-30,-30,-41,,一般,927,
2023/03/09,TX,202303/202304    ,-34,-33,-34,-33,-,-,185,-,-,-36,-33,-32,-41,,盤後,0,
2023/03/09,TX,202303/202305    ,-47,-45,-47,-45,-,-,5,-,-,-44,-42,-45,-50,,一般,58,
2023/03/09,TX,202303/202306    ,-95,-95,-96,-96,-,-,10,-,-,-93,-90,-74,-101,,一般,21,
2023/03/09,TX,202303/202309    ,-642,-642,-642,-642,-,-,1,-,-,-639,-633,-603,-642,,一般,2,
2023/03/09,TX,202303/202312    ,-,-,-,-,-,-,0,-,-,-719,-713,-685,-727,,一般,7,
2023/03/09,TX,202303/202312    ,-721,-721,-721,-721,-,-,1,-,-,-728,-722,-685,-727,,盤後,0,
2023/03/09,TX,202304/202305    ,-,-,-,-,-,-,0,-,-,-15,-12,-13,-19,,一般,28,
2023/03/09,TX,202304/202306    ,-,-,-,-,-,-,0,-,-,-,0,-,-,,一般,11,
2023/03/09,TX,202305/202306    ,-,-,-,-,-,-,0,-,-,-50,-46,-43,-43,,一般,1,
2023/03/09,TX,202309/202312    ,-81,-81,-81,-81,-,-,3,-,-,-82,75,-80,-81,,一般,0,
2023/03/10,TX,202303/202304    ,-27,-22,-33,-32,-,-,1070,-,-,-33,-32,-22,-41,,一般,4033,
2023/03/10,TX,202303/202304    ,-30,-26,-30,-26,-,-,9,-,-,-26,-25,-26,-41,,盤後,0,
2023/03/10,TX,202303/202305    ,-,-,-,-,-,-,0,-,-,-43,-40,-41,-50,,一般,193,
2023/03/10,TX,202303/202305    ,-41,-41,-41,-41,-,-,15,-,-,-38,-34,-41,-50,,盤後,0,
2023/03/10,TX,202303/202306    ,-82,-82,-82,-82,-,-,2,-,-,-85,-83,-74,-101,,一般,32,
2023/03/10,TX,202303/202309    ,-,-,-,-,-,-,0,-,-,-620,-608,-603,-642,,一般,14,
2023/03/10,TX,202303/202312    ,-,-,-,-,-,-,0,-,-,-700,-688,-685,-727,,一般,20,
2023/03/10,TX,202304/202305    ,-,-,-,-,-,-,0,-,-,-11,-8,-13,-19,,一般,63,
2023/03/10,TX,202304/202312    ,-,-,-,-,-,-,0,-,-,-673,0,-,-,,一般,4,
2023/03/10,TX,202306/202309    ,-,-,-,-,-,-,0,-,-,-540,-490,-466,-535,,一般,3,
2023/03/10,TX,202309/202312    ,-,-,-,-,-,-,0,-,-,-82,75,-80,-81,,一般,10,
2023/03/13,TX,202303/202304    ,-36,-29,-60,-45,-,-,20089,-,-,-47,-45,-22,-60,,一般,9607,
2023/03/13,TX,202303/202304    ,-33,-33,-33,-33,-,-,2,-,-,-36,-33,-22,-41,,盤後,0,
2023/03/13,TX,202303/202305    ,-41,-41,-74,-74,-,-,15,-,-,-78,-58,-41,-74,,一般,163,
2023/03/13,TX,202303/202306    ,-90,-89,-101,-101,-,-,35,-,-,-119,-101,-74,-101,,一般,57,
2023/03/13,TX,202303/202306    ,-87,-87,-87,-87,-,-,3,-,-,-90,-85,-74,-101,,盤後,0,
2023/03/13,TX,202303/202309    ,-645,-644,-645,-644,-,-,2,-,-,-664,-641,-603,-645,,一般,26,
2023/03/13,TX,202303/202312    ,-705,-705,-721,-721,-,-,2,-,-,-734,-728,-685,-727,,一般,8,
2023/03/13,TX,202304/202305    ,-8,-8,-13,-13,-,-,5,-,-,-16,-14,-8,-19,,一般,137,
2023/03/13,TX,202304/202305    ,-8,-8,-11,-11,-,-,3,-,-,-12,-9,-8,-19,,盤後,0,
2023/03/13,TX,202304/202312    ,-,-,-,-,-,-,0,-,-,-692,-654,-,-,,一般,1,
2023/03/13,TX,202305/202306    ,-45,-45,-45,-45,-,-,1,-,-,-50,-46,-43,-45,,一般,19,
2023/03/13,TX,202309/202312    ,-80,-80,-81,-81,-,-,5,-,-,-82,75,-80,-81,,盤後,0,
2023/03/14,TX,202303/202304    ,-44,-34,-70,-64,-,-,10371,-,-,-69,-65,-22,-70,,一般,9441,
2023/03/14,TX,202303/202304    ,-45,-39,-48,-47,-,-,302,-,-,-47,-44,-22,-60,,盤後,0,
2023/03/14,TX,202303/202305    ,-60,-60,-60,-60,-,-,1,-,-,-95,-77,-41,-74,,一般,130,
2023/03/14,TX,202303/202306    ,-,-,-,-,-,-,0,-,-,-159,-111,-74,-105,,一般,14,
2023/03/14,TX,202303/202306    ,-105,-105,-105,-105,-,-,1,-,-,-107,-98,-74,-105,,盤後,0,
2023/03/14,TX,202303/202309    ,-,-,-,-,-,-,0,-,-,-647,-626,-603,-645,,一般,6,
2023/03/14,TX,202303/202309    ,-645,-645,-645,-645,-,-,1,-,-,-632,-624,-603,-645,,盤後,0,
2023/03/14,TX,202303/202312    ,-,-,-,-,-,-,0,-,-,-718,-701,-685,-727,,一般,12,
2023/03/14,TX,202303/202312    ,-704,-704,-704,-704,-,-,1,-,-,-716,-703,-685,-727,,盤後,0,
2023/03/14,TX,202304/202305    ,-15,-15,-15,-15,-,-,2,-,-,-15,-12,-8,-19,,一般,217,
2023/03/14,TX,202304/202305    ,-14,-14,-17,-17,-,-,3,-,-,-16,-13,-8,-19,,盤後,0,
2023/03/14,TX,202304/202312    ,-,-,-,-,-,-,0,-,-,-660,-642,-,-,,一般,4,
2023/03/14,TX,202305/202306    ,-,-,-,-,-,-,0,-,-,-46,-42,-43,-45,,一般,9,
2023/03/14,TX,202306/202309    ,-535,-535,-535,-535,-,-,1,-,-,-542,-490,-466,-535,,盤後,0,
2023/03/14,TX,202309/202312    ,-78,-76,-78,-76,-,-,3,-,-,-79,-70,-76,-81,,一般,7,
2023/03/15,TX,202303/202304    ,-75,-53,-100,-53,-,-,3609,-,-,-,-,-22,-100,,一般,8364,
2023/03/15,TX,202303/202304    ,-68,-65,-72,-66,-,-,270,-,-,-74,-70,-22,-72,,盤後,0,
2023/03/15,TX,202303/202305    ,-,-,-,-,-,-,0,-,-,-,-,-41,-81,,一般,13,
2023/03/15,TX,202303/202305    ,-81,-81,-81,-81,-,-,1,-,-,-98,-83,-41,-81,,盤後,0,
2023/03/15,TX,202303/202309    ,-,-,-,-,-,-,0,-,-,-,-,-603,-645,,一般,5,
2023/03/15,TX,202303/202312    ,-726,-726,-726,-726,-,-,1,-,-,-,-,-685,-727,,一般,8,
2023/03/15,TX,202304/202305    ,-22,-19,-22,-21,-,-,18,-,-,-21,-19,-8,-22,,一般,575,
2023/03/15,TX,202304/202305    ,-16,-16,-17,-17,-,-,14,-,-,-23,-17,-8,-19,,盤後,0,
2023/03/15,TX,202304/202306    ,-,-,-,-,-,-,0,-,-,-72,-68,-,-,,一般,15,
2023/03/15,TX,202304/202309    ,-,-,-,-,-,-,0,-,-,-591,-581,-,-,,一般,10,
2023/03/15,TX,202304/202312    ,-,-,-,-,-,-,0,-,-,-663,-651,-,-,,一般,17,
2023/03/15,TX,202305/202306    ,-53,-53,-54,-54,-,-,4,-,-,-55,-50,-43,-54,,一般,13,
2023/03/15,TX,202305/202312    ,-,-,-,-,-,-,0,-,-,-,25,-,-,,一般,1,
2023/03/15,TX,202306/202309    ,-502,-502,-502,-502,-,-,1,-,-,-550,-515,-466,-535,,一般,1,
2023/03/16,TX,202304/202305    ,-21,-21,-21,-21,-,-,1,-,-,-24,-21,-8,-22,,一般,768,
2023/03/16,TX,202304/202306    ,-73,-73,-75,-75,-,-,4,-,-,-75,-73,-69,-75,,一般,119,
2023/03/16,TX,202304/202306    ,-69,-69,-69,-69,-,-,1,-,-,-74,-70,-69,-69,,盤後,0,
2023/03/16,TX,202304/202309    ,-582,-579,-582,-579,-,-,4,-,-,-582,-577,-579,-582,,一般,14,
2023/03/16,TX,202304/202312    ,-653,-650,-655,-652,-,-,6,-,-,-654,-649,-650,-655,,一般,15,
2023/03/16,TX,202304/202403    ,-713,-712,-713,-712,-,-,2,-,-,-714,-708,-712,-713,,一般,26,
2023/03/16,TX,202305/202306    ,-,-,-,-,-,-,0,-,-,-55,-49,-43,-54,,一般,4,
2023/03/16,TX,202305/202403    ,-,-,-,-,-,-,0,-,-,-,0,-,-,,一般,1,
2023/03/16,TX,202309/202312    ,-,-,-,-,-,-,0,-,-,-87,-70,-76,-81,,一般,3,
2023/03/17,TX,202304/202305    ,-,-,-,-,-,-,0,-,-,-27,-25,-8,-24,,一般,759,
2023/03/17,TX,202304/202305    ,-24,-22,-24,-22,-,-,5,-,-,-26,-23,-8,-24,,盤後,0,
2023/03/17,TX,202304/202306    ,-77,-77,-79,-79,-,-,17,-,-,-84,-82,-69,-79,,一般,82,
2023/03/17,TX,202304/202309    ,-584,-581,-584,-581,-,-,3,-,-,-586,-583,-579,-584,,一般,10,
2023/03/17,TX,202304/202312    ,-656,-656,-656,-656,-,-,1,-,-,-656,-650,-650,-656,,一般,20,
2023/03/17,TX,202304/202403    ,-710,-707,-713,-707,-,-,12,-,-,-707,-701,-707,-713,,一般,30,
2023/03/17,TX,202304/202403    ,-708,-708,-708,-708,-,-,1,-,-,-715,-710,-708,-713,,盤後,0,
2023/03/17,TX,202305/202306    ,-,-,-,-,-,-,0,-,-,-58,-52,-43,-54,,一般,9,
2023/03/17,TX,202309/202312    ,-,-,-,-,-,-,0,-,-,-,-55,-70,-81,,一般,1,
2023/03/17,TX,202309/202312    ,-70,-70,-70,-70,-,-,1,-,-,-73,-68,-70,-81,,盤後,0,
2023/03/17,TX,202309/202403    ,-110,-110,-110,-110,-,-,1,-,-,-140,-111,-110,-110,,一般,0,
2023/03/17,TX,202312/202403    ,-61,-52,-61,-54,-,-,4,-,-,-63,-53,-52,-61,,一般,19,
2023/03/17,TX,202312/202403    ,-56,-56,-56,-56,-,-,2,-,-,-,-58,-56,-56,,盤後,0,
2023/03/20,TX,202304/202305    ,-27,-27,-27,-27,-,-,5,-,-,-25,-22,-8,-27,,一般,707,
2023/03/20,TX,202304/202306    ,-,-,-,-,-,-,0,-,-,-80,-77,-69,-79,,一般,31,
2023/03/20,TX,202304/202309    ,-,-,-,-,-,-,0,-,-,-562,-556,-564,-584,,一般,5,
2023/03/20,TX,202304/202309    ,-564,-564,-564,-564,-,-,1,-,-,-564,-558,-564,-584,,盤後,0,
2023/03/20,TX,202304/202312    ,-,-,-,-,-,-,0,-,-,-635,-626,-640,-656,,一般,3,
2023/03/20,TX,202304/202312    ,-640,-640,-640,-640,-,-,1,-,-,-640,-632,-640,-656,,盤後,0,
2023/03/20,TX,202304/202403    ,-,-,-,-,-,-,0,-,-,-687,-677,-707,-713,,一般,21,
2023/03/20,TX,202305/202306    ,-,-,-,-,-,-,0,-,-,-58,-53,-43,-54,,一般,2,
2023/03/20,TX,202306/202309    ,-486,-480,-486,-480,-,-,8,-,-,-499,-475,-466,-535,,盤後,0,
2023/03/20,TX,202309/202312    ,-76,-76,-76,-76,-,-,2,-,-,-77,-55,-70,-81,,盤後,0,
2023/03/20,TX,202312/202403    ,-,-,-,-,-,-,0,-,-,-,-54,-52,-61,,一般,3,
2023/03/21,TX,202304/202305    ,-,-,-,-,-,-,0,-,-,-26,-24,-8,-27,,一般,368,
2023/03/21,TX,202304/202306    ,-,-,-,-,-,-,0,-,-,-83,-80,-69,-79,,一般,94,
2023/03/21,TX,202304/202309    ,-,-,-,-,-,-,0,-,-,-565,-561,-564,-584,,一般,10,
2023/03/21,TX,202304/202312    ,-,-,-,-,-,-,0,-,-,-634,-630,-640,-656,,一般,12,
2023/03/21,TX,202304/202403    ,-,-,-,-,-,-,0,-,-,-689,-683,-707,-713,,一般,19,
2023/03/21,TX,202305/202306    ,-,-,-,-,-,-,0,-,-,-59,-54,-43,-54,,一般,1,
2023/03/21,TX,202305/202312    ,-,-,-,-,-,-,0,-,-,-,0,-,-,,一般,1,
2023/03/21,TX,202312/202403    ,-,-,-,-,-,-,0,-,-,-,-53,-52,-61,,一般,4,
2023/03/22,TX,202304/202305    ,-,-,-,-,-,-,0,-,-,-30,-28,-8,-27,,一般,533,
2023/03/22,TX,202304/202306    ,-,-,-,-,-,-,0,-,-,-91,-88,-69,-79,,一般,101,
2023/03/22,TX,202304/202309    ,-,-,-,-,-,-,0,-,-,-581,-575,-564,-584,,一般,27,
2023/03/22,TX,202304/202312    ,-,-,-,-,-,-,0,-,-,-647,-643,-640,-656,,一般,17,
2023/03/22,TX,202304/202403    ,-692,-691,-692,-691,-,-,11,-,-,-699,-693,-691,-713,,一般,51,
2023/03/22,TX,202305/202306    ,-,-,-,-,-,-,0,-,-,-62,-57,-43,-54,,一般,7,
2023/03/22,TX,202305/202403    ,-,-,-,-,-,-,0,-,-,-674,0,-,-,,一般,1,
2023/03/22,TX,202306/202309    ,-,-,-,-,-,-,0,-,-,-490,-466,-466,-535,,一般,2,
2023/03/22,TX,202309/202312    ,-66,-65,-66,-65,-,-,2,-,-,-77,-66,-65,-81,,一般,0,
2023/03/22,TX,202312/202403    ,-,-,-,-,-,-,0,-,-,-,-51,-52,-61,,一般,13,
2023/03/23,TX,202304/202305    ,-31,-29,-31,-29,-,-,4,-,-,-31,-29,-8,-31,,一般,836,
2023/03/23,TX,202304/202305    ,-27,-27,-30,-30,-,-,2,-,-,-30,-27,-8,-30,,盤後,0,
2023/03/23,TX,202304/202306    ,-,-,-,-,-,-,0,-,-,-97,-94,-69,-79,,一般,107,
2023/03/23,TX,202304/202309    ,-586,-586,-590,-590,-,-,3,-,-,-590,-585,-564,-590,,一般,33,
2023/03/23,TX,202304/202312    ,-,-,-,-,-,-,0,-,-,-664,-657,-640,-656,,一般,11,
2023/03/23,TX,202304/202403    ,-,-,-,-,-,-,0,-,-,-712,-708,-691,-713,,一般,33,
2023/03/23,TX,202305/202306    ,-68,-68,-69,-69,-,-,15,-,-,-69,-64,-43,-69,,一般,17,
2023/03/23,TX,202309/202312    ,-70,-70,-70,-70,-,-,1,-,-,-76,-66,-65,-81,,一般,1,
2023/03/23,TX,202312/202403    ,-50,-50,-50,-50,-,-,1,-,-,-,-48,-47,-61,,一般,4,
2023/03/23,TX,202312/202403    ,-47,-47,-49,-49,-,-,2,-,-,-,-46,-47,-61,,盤後,0,
2023/03/24,TX,202304/202305    ,-,-,-,-,-,-,0,-,-,-31,-29,-8,-32,,一般,512,
2023/03/24,TX,202304/202305    ,-32,-32,-32,-32,-,-,1,-,-,-31,-28,-8,-32,,盤後,0,
2023/03/24,TX,202304/202306    ,-98,-98,-98,-98,-,-,1,-,-,-102,-99,-69,-98,,一般,63,
2023/03/24,TX,202304/202309    ,-,-,-,-,-,-,0,-,-,-609,-603,-564,-599,,一般,17,
2023/03/24,TX,202304/202309    ,-599,-599,-599,-599,-,-,1,-,-,-606,-590,-564,-599,,盤後,0,
2023/03/24,TX,202304/202403    ,-,-,-,-,-,-,0,-,-,-727,-719,-691,-723,,一般,9,
2023/03/24,TX,202304/202403    ,-723,-723,-723,-723,-,-,1,-,-,-725,-710,-691,-723,,盤後,0,
2023/03/24,TX,202305/202306    ,-,-,-,-,-,-,0,-,-,-71,-66,-43,-69,,一般,4,
2023/03/24,TX,202305/202403    ,-,-,-,-,-,-,0,-,-,-700,-683,-,-,,一般,1,
2023/03/27,TX,202304/202305    ,-28,-27,-29,-27,-,-,29,-,-,-28,-26,-8,-32,,一般,867,
2023/03/27,TX,202304/202306    ,-97,-96,-97,-96,-,-,6,-,-,-97,-95,-69,-99,,一般,105,
2023/03/27,TX,202304/202306    ,-99,-99,-99,-99,-,-,1,-,-,-100,-97,-69,-99,,盤後,0,
2023/03/27,TX,202304/202309    ,-588,-585,-588,-585,-,-,2,-,-,-588,-586,-564,-599,,一般,10,
2023/03/27,TX,202304/202312    ,-,-,-,-,-,-,0,-,-,-661,-656,-640,-656,,一般,4,
2023/03/27,TX,202304/202403    ,-,-,-,-,-,-,0,-,-,-716,-710,-691,-723,,一般,20,
2023/03/27,TX,202305/202306    ,-,-,-,-,-,-,0,-,-,-70,-62,-43,-69,,一般,2,
2023/03/27,TX,202305/202403    ,-,-,-,-,-,-,0,-,-,-696,-681,-,-,,一般,1,
2023/03/27,TX,202309/202312    ,-,-,-,-,-,-,0,-,-,-72,-66,-65,-81,,一般,2,
2023/03/28,TX,202304/202305    ,-,-,-,-,-,-,0,-,-,-26,-24,-8,-32,,一般,531,
2023/03/28,TX,202304/202305    ,-27,-26,-27,-26,-,-,10,-,-,-28,-26,-8,-32,,盤後,0,
2023/03/28,TX,202304/202306    ,-95,-93,-95,-93,-,-,26,-,-,-94,-91,-69,-99,,一般,109,
2023/03/28,TX,202304/202306    ,-95,-95,-95,-95,-,-,2,-,-,-96,-94,-69,-99,,盤後,0,
2023/03/28,TX,202304/202309    ,-,-,-,-,-,-,0,-,-,-580,-575,-564,-599,,一般,13,
2023/03/28,TX,202304/202309    ,-588,-588,-588,-588,-,-,2,-,-,-590,-585,-564,-599,,盤後,0,
2023/03/28,TX,202304/202312    ,-,-,-,-,-,-,0,-,-,-653,-647,-640,-656,,一般,9,
2023/03/28,TX,202304/202403    ,-,-,-,-,-,-,0,-,-,-700,-694,-691,-723,,一般,7,
2023/03/28,TX,202309/202312    ,-,-,-,-,-,-,0,-,-,-73,-66,-65,-81,,一般,1,
2023/03/29,TX,202304/202305    ,-25,-25,-25,-25,-,-,9,-,-,-26,-24,-8,-32,,一般,519,
2023/03/29,TX,202304/202306    ,-,-,-,-,-,-,0,-,-,-94,-91,-69,-99,,一般,70,
2023/03/29,TX,202304/202309    ,-,-,-,-,-,-,0,-,-,-587,-584,-564,-599,,一般,28,
2023/03/29,TX,202304/202312    ,-655,-655,-655,-655,-,-,1,-,-,-661,-657,-640,-656,,一般,6,
2023/03/29,TX,202304/202403    ,-,-,-,-,-,-,0,-,-,-704,-700,-691,-723,,一般,7,
2023/03/29,TX,202309/202312    ,-,-,-,-,-,-,0,-,-,-73,-67,-65,-81,,一般,2,
2023/03/29,TX,202312/202403    ,-,-,-,-,-,-,0,-,-,-,-45,-47,-61,,一般,2,
2023/03/30,TX,202304/202305    ,-,-,-,-,-,-,0,-,-,-27,-25,-8,-32,,一般,975,
2023/03/30,TX,202304/202306    ,-94,-94,-94,-94,-,-,1,-,-,-94,-92,-69,-99,,一般,104,
2023/03/30,TX,202304/202309    ,-593,-593,-593,-593,-,-,1,-,-,-596,-592,-564,-599,,一般,16,
2023/03/30,TX,202304/202312    ,-,-,-,-,-,-,0,-,-,-665,-660,-640,-662,,一般,5,
2023/03/30,TX,202304/202312    ,-662,-662,-662,-662,-,-,1,-,-,-666,-660,-640,-662,,盤後,0,
2023/03/30,TX,202304/202403    ,-,-,-,-,-,-,0,-,-,-711,-706,-691,-723,,一般,8,
2023/03/30,TX,202305/202306    ,-,-,-,-,-,-,0,-,-,-69,-65,-43,-69,,一般,2,
2023/03/30,TX,202305/202403    ,-,-,-,-,-,-,0,-,-,-692,-676,-,-,,一般,1,
2023/03/30,TX,202306/202309    ,-495,-495,-495,-495,-,-,1,-,-,-500,-489,-466,-535,,一般,2,
2023/03/30,TX,202309/202403    ,-,-,-,-,-,-,0,-,-,-,-112,-110,-110,,一般,1,
2023/03/31,TX,202304/202305    ,-28,-28,-28,-28,-,-,15,-,-,-28,-25,-8,-32,,一般,473,
2023/03/31,TX,202304/202306    ,-,-,-,-,-,-,0,-,-,-94,-92,-69,-99,,一般,166,
2023/03/31,TX,202304/202309    ,-,-,-,-,-,-,0,-,-,-596,-591,-564,-599,,一般,27,
2023/03/31,TX,202304/202312    ,-,-,-,-,-,-,0,-,-,-665,-660,-640,-662,,一般,14,
2023/03/31,TX,202304/202403    ,-,-,-,-,-,-,0,-,-,-712,-707,-691,-723,,一般,26,
2023/03/31,TX,202305/202306    ,-,-,-,-,-,-,0,-,-,-69,-65,-43,-69,,一般,4,
2023/03/31,TX,202305/202403    ,-,-,-,-,-,-,0,-,-,-,0,-,-,,一般,1,
2023/03/31,TX,202306/202309    ,-,-,-,-,-,-,0,-,-,-507,-494,-466,-535,,一般,3,
